{
  "ranked_models": [
    {
      "model": "lightgbm_hist",
      "median_total_s": 1.1158006040000146,
      "mean_total_s": 1.1377455991250116,
      "median_fit_s": 1.067269895499976,
      "geo_mean_total_s": 0.9970740937307246,
      "mean_peak_rss_mb": 207.484375,
      "mean_r2": 0.8215900158819591,
      "max_r2_spread_for_matched_scenario": 0.028880874214164964
    },
    {
      "model": "sklearn_hgb_fixed",
      "median_total_s": 1.2493979999999567,
      "mean_total_s": 1.255775739624994,
      "median_fit_s": 1.2199047910000047,
      "geo_mean_total_s": 1.0866221303449723,
      "mean_peak_rss_mb": 214.041015625,
      "mean_r2": 0.8063183793310396,
      "max_r2_spread_for_matched_scenario": 0.028880874214164964
    },
    {
      "model": "sklearn_hgb",
      "median_total_s": 1.4175376670000048,
      "mean_total_s": 1.878902588625003,
      "median_fit_s": 1.3546533745000033,
      "geo_mean_total_s": 1.6546397713789989,
      "mean_peak_rss_mb": 212.25390625,
      "mean_r2": 0.8063183793310396,
      "max_r2_spread_for_matched_scenario": 0.028880874214164964
    },
    {
      "model": "xgboost_hist",
      "median_total_s": 1.5108148955000331,
      "mean_total_s": 1.7326600258750275,
      "median_fit_s": 1.472344958500031,
      "geo_mean_total_s": 1.4409807563214185,
      "mean_peak_rss_mb": 220.0234375,
      "mean_r2": 0.8244860470294952,
      "max_r2_spread_for_matched_scenario": 0.028880874214164964
    }
  ],
  "single_thread_runs": [
    {
      "model": "lightgbm_hist",
      "threads": 1,
      "effective_threads": 1,
      "n_samples": 13996,
      "n_features": 120,
      "fit_seconds": 1.9797825419999526,
      "predict_seconds": 0.02609216700000161,
      "total_seconds": 2.0168695840000055,
      "peak_rss_mb": 230.640625,
      "rmse": 299.78614055245487,
      "r2": 0.6938108833967872,
      "fitted_trees": 220,
      "expected_trees": 220,
      "fitted_trees_match_expected": true,
      "total_nodes": 13420,
      "avg_nodes_per_tree": 61.0,
      "hyperparameters": {
        "loss": "squared_error",
        "n_estimators": 220,
        "learning_rate": 0.05,
        "max_depth": 6,
        "num_leaves": 31,
        "max_bin": 255,
        "subsample": 0.8,
        "l2_regularization": 1.0,
        "min_samples_leaf": 20,
        "min_child_weight": 20.0,
        "min_split_gain": 0.0,
        "random_state": 42
      },
      "dataset_name": "medium",
      "timeout_s": 5.0,
      "reduced_from_n_samples": 180000,
      "reduction_round": 5,
      "r2_spread_for_scenario": 0.028880874214164964,
      "r2_spread_tolerance": 0.03,
      "r2_spread_within_tolerance": true
    },
    {
      "model": "sklearn_hgb_fixed",
      "threads": 1,
      "effective_threads": 1,
      "n_samples": 13996,
      "n_features": 120,
      "fit_seconds": 2.4207433749999723,
      "predict_seconds": 0.026591042000006837,
      "total_seconds": 2.4640798749999817,
      "peak_rss_mb": 250.5,
      "rmse": 311.06492622738176,
      "r2": 0.6703381142044141,
      "fitted_trees": 220,
      "expected_trees": 220,
      "fitted_trees_match_expected": true,
      "total_nodes": 13420,
      "avg_nodes_per_tree": 61.0,
      "hyperparameters": {
        "loss": "squared_error",
        "n_estimators": 220,
        "learning_rate": 0.05,
        "max_depth": 6,
        "num_leaves": 31,
        "max_bin": 255,
        "subsample": 0.8,
        "l2_regularization": 1.0,
        "min_samples_leaf": 20,
        "min_child_weight": 20.0,
        "min_split_gain": 0.0,
        "random_state": 42
      },
      "dataset_name": "medium",
      "timeout_s": 5.0,
      "reduced_from_n_samples": 180000,
      "reduction_round": 5,
      "r2_spread_for_scenario": 0.028880874214164964,
      "r2_spread_tolerance": 0.03,
      "r2_spread_within_tolerance": true
    },
    {
      "model": "sklearn_hgb",
      "threads": 1,
      "effective_threads": 1,
      "n_samples": 13996,
      "n_features": 120,
      "fit_seconds": 2.4855472919999784,
      "predict_seconds": 0.026894416999994064,
      "total_seconds": 2.5698888750000037,
      "peak_rss_mb": 251.375,
      "rmse": 311.06492622738176,
      "r2": 0.6703381142044141,
      "fitted_trees": 220,
      "expected_trees": 220,
      "fitted_trees_match_expected": true,
      "total_nodes": 13420,
      "avg_nodes_per_tree": 61.0,
      "hyperparameters": {
        "loss": "squared_error",
        "n_estimators": 220,
        "learning_rate": 0.05,
        "max_depth": 6,
        "num_leaves": 31,
        "max_bin": 255,
        "subsample": 0.8,
        "l2_regularization": 1.0,
        "min_samples_leaf": 20,
        "min_child_weight": 20.0,
        "min_split_gain": 0.0,
        "random_state": 42
      },
      "dataset_name": "medium",
      "timeout_s": 5.0,
      "reduced_from_n_samples": 180000,
      "reduction_round": 5,
      "r2_spread_for_scenario": 0.028880874214164964,
      "r2_spread_tolerance": 0.03,
      "r2_spread_within_tolerance": true
    },
    {
      "model": "xgboost_hist",
      "threads": 1,
      "effective_threads": 1,
      "n_samples": 13996,
      "n_features": 120,
      "fit_seconds": 3.6055262500000254,
      "predict_seconds": 0.005612416000019493,
      "total_seconds": 3.6138707499999896,
      "peak_rss_mb": 255.875,
      "rmse": 297.1268536963632,
      "r2": 0.6992189884185791,
      "fitted_trees": 220,
      "expected_trees": 220,
      "fitted_trees_match_expected": true,
      "total_nodes": 13420,
      "avg_nodes_per_tree": 61.0,
      "hyperparameters": {
        "loss": "squared_error",
        "n_estimators": 220,
        "learning_rate": 0.05,
        "max_depth": 6,
        "num_leaves": 31,
        "max_bin": 255,
        "subsample": 0.8,
        "l2_regularization": 1.0,
        "min_samples_leaf": 20,
        "min_child_weight": 20.0,
        "min_split_gain": 0.0,
        "random_state": 42
      },
      "dataset_name": "medium",
      "timeout_s": 5.0,
      "reduced_from_n_samples": 180000,
      "reduction_round": 5,
      "r2_spread_for_scenario": 0.028880874214164964,
      "r2_spread_tolerance": 0.03,
      "r2_spread_within_tolerance": true
    },
    {
      "model": "lightgbm_hist",
      "threads": 1,
      "effective_threads": 1,
      "n_samples": 12000,
      "n_features": 24,
      "fit_seconds": 0.4085890829999812,
      "predict_seconds": 0.022907667000026777,
      "total_seconds": 0.45024254200001224,
      "peak_rss_mb": 178.140625,
      "rmse": 48.7872923121708,
      "r2": 0.949369148367131,
      "fitted_trees": 220,
      "expected_trees": 220,
      "fitted_trees_match_expected": true,
      "total_nodes": 13386,
      "avg_nodes_per_tree": 60.845454545454544,
      "hyperparameters": {
        "loss": "squared_error",
        "n_estimators": 220,
        "learning_rate": 0.05,
        "max_depth": 6,
        "num_leaves": 31,
        "max_bin": 255,
        "subsample": 0.8,
        "l2_regularization": 1.0,
        "min_samples_leaf": 20,
        "min_child_weight": 20.0,
        "min_split_gain": 0.0,
        "random_state": 42
      },
      "dataset_name": "small",
      "timeout_s": 5.0,
      "reduced_from_n_samples": 12000,
      "reduction_round": 0,
      "r2_spread_for_scenario": 0.007454461182746508,
      "r2_spread_tolerance": 0.03,
      "r2_spread_within_tolerance": true
    },
    {
      "model": "sklearn_hgb",
      "threads": 1,
      "effective_threads": 1,
      "n_samples": 12000,
      "n_features": 24,
      "fit_seconds": 0.5794474170000399,
      "predict_seconds": 0.01829908299998806,
      "total_seconds": 0.6250772500000039,
      "peak_rss_mb": 178.359375,
      "rmse": 52.08253413992273,
      "r2": 0.9422986444576649,
      "fitted_trees": 220,
      "expected_trees": 220,
      "fitted_trees_match_expected": true,
      "total_nodes": 13414,
      "avg_nodes_per_tree": 60.972727272727276,
      "hyperparameters": {
        "loss": "squared_error",