{
  "ranked_models": [
    {
      "model": "sklearn_hgb_fixed",
      "median_total_s": 2.603465042000039,
      "mean_total_s": 2.8862694121111128,
      "median_fit_s": 2.512176624999995,
      "geo_mean_total_s": 2.7436906892830386,
      "mean_peak_rss_mb": 268.4826388888889,
      "mean_r2": 0.7827651941126441,
      "max_r2_spread_for_matched_scenario": 0.017743670239955156
    },
    {
      "model": "sklearn_hgb",
      "median_total_s": 2.6476241670000036,
      "mean_total_s": 3.002669092777776,
      "median_fit_s": 2.56227558300003,
      "geo_mean_total_s": 2.8862594143431197,
      "mean_peak_rss_mb": 263.55902777777777,
      "mean_r2": 0.7827651941126441,
      "max_r2_spread_for_matched_scenario": 0.017743670239955156
    },
    {
      "model": "lightgbm_hist",
      "median_total_s": 2.807295541999906,
      "mean_total_s": 3.0446978748888682,
      "median_fit_s": 2.76490124999998,
      "geo_mean_total_s": 2.8905528259889706,
      "mean_peak_rss_mb": 298.8107638888889,
      "mean_r2": 0.7930019567643165,
      "max_r2_spread_for_matched_scenario": 0.017743670239955156
    },
    {
      "model": "xgboost_hist",
      "median_total_s": 3.730441416999952,
      "mean_total_s": 3.688607022999987,
      "median_fit_s": 3.7067218750000848,
      "geo_mean_total_s": 3.527823563043344,
      "mean_peak_rss_mb": 312.2395833333333,
      "mean_r2": 0.7936365008354187,
      "max_r2_spread_for_matched_scenario": 0.017743670239955156
    }
  ],
  "single_thread_runs": [
    {
      "model": "lightgbm_hist",
      "threads": 1,
      "effective_threads": 1,
      "n_samples": 40000,
      "n_features": 120,
      "fit_seconds": 3.8302615420000166,
      "predict_seconds": 0.0784582500000397,
      "total_seconds": 3.932775166000056,
      "peak_rss_mb": 330.5625,
      "rmse": 306.1340727740418,
      "r2": 0.6923371795776988,
      "fitted_trees": 220,
      "expected_trees": 220,
      "fitted_trees_match_expected": true,
      "hyperparameters": {
        "loss": "squared_error",
        "n_estimators": 220,
        "learning_rate": 0.05,
        "max_depth": 6,
        "num_leaves": 31,
        "max_bin": 255,
        "subsample": 0.8,
        "l2_regularization": 1.0,
        "min_samples_leaf": 20,
        "min_child_weight": 20.0,
        "min_split_gain": 0.0,
        "random_state": 42
      },
      "dataset_name": "large",
      "timeout_s": 8.0,
      "reduced_from_n_samples": 320000,
      "reduction_round": 3,
      "r2_spread_for_scenario": 0.017743670239955156,
      "r2_spread_tolerance": 0.03,
      "r2_spread_within_tolerance": true
    },
    {
      "model": "sklearn_hgb_fixed",
      "threads": 1,
      "effective_threads": 1,
      "n_samples": 40000,
      "n_features": 120,
      "fit_seconds": 4.388918250000074,
      "predict_seconds": 0.07722837500000423,
      "total_seconds": 4.496010000000069,
      "peak_rss_mb": 303.71875,
      "rmse": 314.3620586197164,
      "r2": 0.6755767829270065,
      "fitted_trees": 220,
      "expected_trees": 220,
      "fitted_trees_match_expected": true,
      "hyperparameters": {
        "loss": "squared_error",
        "n_estimators": 220,
        "learning_rate": 0.05,
        "max_depth": 6,
        "num_leaves": 31,
        "max_bin": 255,
        "subsample": 0.8,
        "l2_regularization": 1.0,
        "min_samples_leaf": 20,
        "min_child_weight": 20.0,
        "min_split_gain": 0.0,
        "random_state": 42
      },
      "dataset_name": "large",
      "timeout_s": 8.0,
      "reduced_from_n_samples": 320000,
      "reduction_round": 3,
      "r2_spread_for_scenario": 0.017743670239955156,
      "r2_spread_tolerance": 0.03,
      "r2_spread_within_tolerance": true
    },
    {
      "model": "sklearn_hgb",
      "threads": 1,
      "effective_threads": 1,
      "n_samples": 40000,
      "n_features": 120,
      "fit_seconds": 4.549787666000043,
      "predict_seconds": 0.07637404199999764,
      "total_seconds": 4.658262832999981,
      "peak_rss_mb": 304.578125,
      "rmse": 314.3620586197164,
      "r2": 0.6755767829270065,
      "fitted_trees": 220,
      "expected_trees": 220,
      "fitted_trees_match_expected": true,
      "hyperparameters": {
        "loss": "squared_error",
        "n_estimators": 220,
        "learning_rate": 0.05,
        "max_depth": 6,
        "num_leaves": 31,
        "max_bin": 255,
        "subsample": 0.8,
        "l2_regularization": 1.0,
        "min_samples_leaf": 20,
        "min_child_weight": 20.0,
        "min_split_gain": 0.0,
        "random_state": 42
      },
      "dataset_name": "large",
      "timeout_s": 8.0,
      "reduced_from_n_samples": 320000,
      "reduction_round": 3,
      "r2_spread_for_scenario": 0.017743670239955156,
      "r2_spread_tolerance": 0.03,
      "r2_spread_within_tolerance": true
    },
    {
      "model": "xgboost_hist",
      "threads": 1,
      "effective_threads": 1,
      "n_samples": 40000,
      "n_features": 120,
      "fit_seconds": 5.544679500000029,
      "predict_seconds": 0.01751262499999484,
      "total_seconds": 5.599827541999957,
      "peak_rss_mb": 380.484375,
      "rmse": 305.6444906873016,
      "r2": 0.6933204531669617,
      "fitted_trees": 220,
      "expected_trees": 220,
      "fitted_trees_match_expected": true,
      "hyperparameters": {
        "loss": "squared_error",
        "n_estimators": 220,
        "learning_rate": 0.05,
        "max_depth": 6,
        "num_leaves": 31,
        "max_bin": 255,
        "subsample": 0.8,
        "l2_regularization": 1.0,
        "min_samples_leaf": 20,
        "min_child_weight": 20.0,
        "min_split_gain": 0.0,
        "random_state": 42
      },
      "dataset_name": "large",
      "timeout_s": 8.0,
      "reduced_from_n_samples": 320000,
      "reduction_round": 3,
      "r2_spread_for_scenario": 0.017743670239955156,
      "r2_spread_tolerance": 0.03,
      "r2_spread_within_tolerance": true
    },
    {
      "model": "lightgbm_hist",
      "threads": 1,
      "effective_threads": 1,
      "n_samples": 70000,
      "n_features": 80,
      "fit_seconds": 4.062791000000004,
      "predict_seconds": 0.15327608399996961,
      "total_seconds": 4.243689916999983,
      "peak_rss_mb": 340.765625,
      "rmse": 192.51309108848287,
      "r2": 0.7935904890371346,
      "fitted_trees": 220,
      "expected_trees": 220,
      "fitted_trees_match_expected": true,
      "hyperparameters": {
        "loss": "squared_error",
        "n_estimators": 220,
        "learning_rate": 0.05,
        "max_depth": 6,
        "num_leaves": 31,
        "max_bin": 255,
        "subsample": 0.8,
        "l2_regularization": 1.0,
        "min_samples_leaf": 20,
        "min_child_weight": 20.0,
        "min_split_gain": 0.0,
        "random_state": 42
      },
      "dataset_name": "medium",
      "timeout_s": 8.0,
      "reduced_from_n_samples": 140000,
      "reduction_round": 1,
      "r2_spread_for_scenario": 0.008491213875446824,
      "r2_spread_tolerance": 0.03,
      "r2_spread_within_tolerance": true
    },
    {
      "model": "sklearn_hgb",
      "threads": 1,
      "effective_threads": 1,
      "n_samples": 70000,
      "n_features": 80,
      "fit_seconds": 4.384654416999979,
      "predict_seconds": 0.14155295799997702,
      "total_seconds": 4.572017750000043,
      "peak_rss_mb": 299.71875,
      "rmse": 196.43295731598647,
      "r2": 0.7850992751616878,
      "fitted_trees": 220,
      "expected_trees": 220,
      "fitted_trees_match_expected": true,
      "hyperparameters": {
        "loss": "squared_error",
        "n_estimators": 220,
        "learning_rate": 0.05,
        "max_depth": 6,
        "num_leaves": 31,
        "max_bin": 255,
        "subsample": 0.8,
        "l2_regularization": 1.0,
        "min_samples_leaf": 20,
        "min_child_weight": 20.0,
        "min_split_gain": 0.0,
        "random_state": 42
      },
      "dataset_name": "medium",
      "timeout_s": 8.0,