{
  "ranked_models": [
    {
      "model": "lightgbm_hist",
      "median_total_s": 0.972856937500012,
      "mean_total_s": 1.034257243333305,
      "median_fit_s": 0.9463553959999444,
      "geo_mean_total_s": 0.9309411855559596,
      "mean_peak_rss_mb": 187.84635416666666,
      "mean_r2": 0.8108244447486519,
      "max_r2_spread_for_matched_scenario": 0.029042611950423014
    },
    {
      "model": "xgboost_hist",
      "median_total_s": 1.3805690835000632,
      "mean_total_s": 1.6893626735000378,
      "median_fit_s": 1.3647813960000121,
      "geo_mean_total_s": 1.4059523814357882,
      "mean_peak_rss_mb": 203.41145833333334,
      "mean_r2": 0.8140564858913422,
      "max_r2_spread_for_matched_scenario": 0.029042611950423014
    },
    {
      "model": "sklearn_hgb_fixed",
      "median_total_s": 1.3953520000000026,
      "mean_total_s": 1.6044689719999876,
      "median_fit_s": 1.355493875000036,
      "geo_mean_total_s": 1.450549382116685,
      "mean_peak_rss_mb": 202.04427083333334,
      "mean_r2": 0.7958079493247574,
      "max_r2_spread_for_matched_scenario": 0.029042611950423014
    },
    {
      "model": "sklearn_hgb",
      "median_total_s": 1.5756283125000436,
      "mean_total_s": 1.607576541666636,
      "median_fit_s": 1.5540122499999711,
      "geo_mean_total_s": 1.4973939858159329,
      "mean_peak_rss_mb": 198.33854166666666,
      "mean_r2": 0.7958079493247574,
      "max_r2_spread_for_matched_scenario": 0.029042611950423014
    }
  ],
  "single_thread_runs": [
    {
      "model": "lightgbm_hist",
      "threads": 1,
      "effective_threads": 1,
      "n_samples": 8397,
      "n_features": 120,
      "fit_seconds": 1.779523458999961,
      "predict_seconds": 0.018233832999953847,
      "total_seconds": 1.8392440420000185,
      "peak_rss_mb": 194.6875,
      "rmse": 334.75930603117155,
      "r2": 0.6722797411301729,
      "fitted_trees": 220,
      "expected_trees": 220,
      "fitted_trees_match_expected": true,
      "total_nodes": 13420,
      "avg_nodes_per_tree": 61.0,
      "hyperparameters": {
        "loss": "squared_error",
        "n_estimators": 220,
        "learning_rate": 0.05,
        "max_depth": 6,
        "num_leaves": 31,
        "max_bin": 255,
        "subsample": 0.8,
        "l2_regularization": 1.0,
        "min_samples_leaf": 20,
        "min_child_weight": 20.0,
        "min_split_gain": 0.0,
        "random_state": 42
      },
      "dataset_name": "medium",
      "timeout_s": 5.0,
      "reduced_from_n_samples": 180000,
      "reduction_round": 6,
      "r2_spread_for_scenario": 0.029042611950423014,
      "r2_spread_tolerance": 0.03,
      "r2_spread_within_tolerance": true
    },
    {
      "model": "sklearn_hgb",
      "threads": 1,
      "effective_threads": 1,
      "n_samples": 8397,
      "n_features": 120,
      "fit_seconds": 2.3394090409999535,
      "predict_seconds": 0.0183332500000688,
      "total_seconds": 2.36084958299989,
      "peak_rss_mb": 226.65625,
      "rmse": 346.2886150377109,
      "r2": 0.6493172541918499,
      "fitted_trees": 220,
      "expected_trees": 220,
      "fitted_trees_match_expected": true,
      "total_nodes": 13420,
      "avg_nodes_per_tree": 61.0,
      "hyperparameters": {
        "loss": "squared_error",
        "n_estimators": 220,
        "learning_rate": 0.05,
        "max_depth": 6,
        "num_leaves": 31,
        "max_bin": 255,
        "subsample": 0.8,
        "l2_regularization": 1.0,
        "min_samples_leaf": 20,
        "min_child_weight": 20.0,
        "min_split_gain": 0.0,
        "random_state": 42
      },
      "dataset_name": "medium",
      "timeout_s": 5.0,
      "reduced_from_n_samples": 180000,
      "reduction_round": 6,
      "r2_spread_for_scenario": 0.029042611950423014,
      "r2_spread_tolerance": 0.03,
      "r2_spread_within_tolerance": true
    },
    {
      "model": "sklearn_hgb_fixed",
      "threads": 1,
      "effective_threads": 1,
      "n_samples": 8397,
      "n_features": 120,
      "fit_seconds": 2.6140512080000917,
      "predict_seconds": 0.02221091699993849,
      "total_seconds": 2.6438904159999765,
      "peak_rss_mb": 224.96875,
      "rmse": 346.2886150377109,
      "r2": 0.6493172541918499,
      "fitted_trees": 220,
      "expected_trees": 220,
      "fitted_trees_match_expected": true,
      "total_nodes": 13420,
      "avg_nodes_per_tree": 61.0,
      "hyperparameters": {
        "loss": "squared_error",
        "n_estimators": 220,
        "learning_rate": 0.05,
        "max_depth": 6,
        "num_leaves": 31,
        "max_bin": 255,
        "subsample": 0.8,
        "l2_regularization": 1.0,
        "min_samples_leaf": 20,
        "min_child_weight": 20.0,
        "min_split_gain": 0.0,
        "random_state": 42
      },
      "dataset_name": "medium",
      "timeout_s": 5.0,
      "reduced_from_n_samples": 180000,
      "reduction_round": 6,
      "r2_spread_for_scenario": 0.029042611950423014,
      "r2_spread_tolerance": 0.03,
      "r2_spread_within_tolerance": true
    },
    {
      "model": "xgboost_hist",
      "threads": 1,
      "effective_threads": 1,
      "n_samples": 8397,
      "n_features": 120,
      "fit_seconds": 3.2545538749999423,
      "predict_seconds": 0.004380542000035348,
      "total_seconds": 3.339356500000008,
      "peak_rss_mb": 233.921875,
      "rmse": 331.6394055484058,
      "r2": 0.678359866142273,
      "fitted_trees": 220,
      "expected_trees": 220,
      "fitted_trees_match_expected": true,
      "total_nodes": 13420,
      "avg_nodes_per_tree": 61.0,
      "hyperparameters": {
        "loss": "squared_error",
        "n_estimators": 220,
        "learning_rate": 0.05,
        "max_depth": 6,
        "num_leaves": 31,
        "max_bin": 255,
        "subsample": 0.8,
        "l2_regularization": 1.0,
        "min_samples_leaf": 20,
        "min_child_weight": 20.0,
        "min_split_gain": 0.0,
        "random_state": 42
      },
      "dataset_name": "medium",
      "timeout_s": 5.0,
      "reduced_from_n_samples": 180000,
      "reduction_round": 6,
      "r2_spread_for_scenario": 0.029042611950423014,
      "r2_spread_tolerance": 0.03,
      "r2_spread_within_tolerance": true
    },
    {
      "model": "lightgbm_hist",
      "threads": 1,
      "effective_threads": 1,
      "n_samples": 12000,
      "n_features": 24,
      "fit_seconds": 0.3961594170000353,
      "predict_seconds": 0.02151875000004111,
      "total_seconds": 0.4353549589999375,
      "peak_rss_mb": 177.71875,
      "rmse": 48.7872923121708,
      "r2": 0.949369148367131,
      "fitted_trees": 220,
      "expected_trees": 220,
      "fitted_trees_match_expected": true,
      "total_nodes": 13386,
      "avg_nodes_per_tree": 60.845454545454544,
      "hyperparameters": {
        "loss": "squared_error",
        "n_estimators": 220,
        "learning_rate": 0.05,
        "max_depth": 6,
        "num_leaves": 31,
        "max_bin": 255,
        "subsample": 0.8,
        "l2_regularization": 1.0,
        "min_samples_leaf": 20,
        "min_child_weight": 20.0,
        "min_split_gain": 0.0,
        "random_state": 42
      },
      "dataset_name": "small",
      "timeout_s": 5.0,
      "reduced_from_n_samples": 12000,
      "reduction_round": 0,
      "r2_spread_for_scenario": 0.007454461182746508,
      "r2_spread_tolerance": 0.03,
      "r2_spread_within_tolerance": true
    },
    {
      "model": "sklearn_hgb_fixed",
      "threads": 1,
      "effective_threads": 1,
      "n_samples": 12000,
      "n_features": 24,
      "fit_seconds": 0.6477907500000128,
      "predict_seconds": 0.017737750000037522,
      "total_seconds": 0.6911514580000357,
      "peak_rss_mb": 178.328125,
      "rmse": 52.08253413992273,
      "r2": 0.9422986444576649,
      "fitted_trees": 220,
      "expected_trees": 220,
      "fitted_trees_match_expected": true,
      "total_nodes": 13414,
      "avg_nodes_per_tree": 60.972727272727276,
      "hyperparameters": {
        "loss": "squared_error",