{
  "ranked_models": [
    {
      "model": "sklearn_hgb_fixed",
      "median_total_s": 2.5965435000000525,
      "mean_total_s": 3.008125796222215,
      "median_fit_s": 2.490381833000015,
      "geo_mean_total_s": 2.819327186695167,
      "mean_peak_rss_mb": 295.8576388888889,
      "mean_r2": 0.7827651941126441,
      "max_r2_spread_for_matched_scenario": 0.017743670239955156
    },
    {
      "model": "sklearn_hgb",
      "median_total_s": 2.8273648329999332,
      "mean_total_s": 3.4668803703333047,
      "median_fit_s": 2.739610749999997,
      "geo_mean_total_s": 3.2078453422062965,
      "mean_peak_rss_mb": 292.56597222222223,
      "mean_r2": 0.7827651941126441,
      "max_r2_spread_for_matched_scenario": 0.017743670239955156
    },
    {
      "model": "lightgbm_hist",
      "median_total_s": 2.8635742499998287,
      "mean_total_s": 3.0943746618888657,
      "median_fit_s": 2.7308824999998933,
      "geo_mean_total_s": 2.9445722798193974,
      "mean_peak_rss_mb": 325.3489583333333,
      "mean_r2": 0.7930019567643165,
      "max_r2_spread_for_matched_scenario": 0.017743670239955156
    },
    {
      "model": "xgboost_hist",
      "median_total_s": 3.721456042,
      "mean_total_s": 3.6880637684444335,
      "median_fit_s": 3.6550934580000103,
      "geo_mean_total_s": 3.4875603726010813,
      "mean_peak_rss_mb": 341.609375,
      "mean_r2": 0.7936365008354187,
      "max_r2_spread_for_matched_scenario": 0.017743670239955156
    }
  ],
  "single_thread_runs": [
    {
      "model": "lightgbm_hist",
      "threads": 1,
      "effective_threads": 1,
      "n_samples": 40000,
      "n_features": 120,
      "fit_seconds": 4.110006916999964,
      "predict_seconds": 0.0781402910001816,
      "total_seconds": 4.2662087500000325,
      "peak_rss_mb": 366.9375,
      "rmse": 306.1340727740418,
      "r2": 0.6923371795776988,
      "fitted_trees": 220,
      "expected_trees": 220,
      "fitted_trees_match_expected": true,
      "total_nodes": 13420,
      "avg_nodes_per_tree": 61.0,
      "hyperparameters": {
        "loss": "squared_error",
        "n_estimators": 220,
        "learning_rate": 0.05,
        "max_depth": 6,
        "num_leaves": 31,
        "max_bin": 255,
        "subsample": 0.8,
        "l2_regularization": 1.0,
        "min_samples_leaf": 20,
        "min_child_weight": 20.0,
        "min_split_gain": 0.0,
        "random_state": 42
      },
      "dataset_name": "large",
      "timeout_s": 8.0,
      "reduced_from_n_samples": 320000,
      "reduction_round": 3,
      "r2_spread_for_scenario": 0.017743670239955156,
      "r2_spread_tolerance": 0.03,
      "r2_spread_within_tolerance": true
    },
    {
      "model": "sklearn_hgb_fixed",
      "threads": 1,
      "effective_threads": 1,
      "n_samples": 40000,
      "n_features": 120,
      "fit_seconds": 4.5677778330000365,
      "predict_seconds": 0.09356479200005197,
      "total_seconds": 4.73470158300006,
      "peak_rss_mb": 327.578125,
      "rmse": 314.3620586197164,
      "r2": 0.6755767829270065,
      "fitted_trees": 220,
      "expected_trees": 220,
      "fitted_trees_match_expected": true,
      "total_nodes": 13420,
      "avg_nodes_per_tree": 61.0,
      "hyperparameters": {
        "loss": "squared_error",
        "n_estimators": 220,
        "learning_rate": 0.05,
        "max_depth": 6,
        "num_leaves": 31,
        "max_bin": 255,
        "subsample": 0.8,
        "l2_regularization": 1.0,
        "min_samples_leaf": 20,
        "min_child_weight": 20.0,
        "min_split_gain": 0.0,
        "random_state": 42
      },
      "dataset_name": "large",
      "timeout_s": 8.0,
      "reduced_from_n_samples": 320000,
      "reduction_round": 3,
      "r2_spread_for_scenario": 0.017743670239955156,
      "r2_spread_tolerance": 0.03,
      "r2_spread_within_tolerance": true
    },
    {
      "model": "sklearn_hgb",
      "threads": 1,
      "effective_threads": 1,
      "n_samples": 40000,
      "n_features": 120,
      "fit_seconds": 5.160464082999965,
      "predict_seconds": 0.10031979199993657,
      "total_seconds": 5.301356041999952,
      "peak_rss_mb": 331.328125,
      "rmse": 314.3620586197164,
      "r2": 0.6755767829270065,
      "fitted_trees": 220,
      "expected_trees": 220,
      "fitted_trees_match_expected": true,
      "total_nodes": 13420,
      "avg_nodes_per_tree": 61.0,
      "hyperparameters": {
        "loss": "squared_error",
        "n_estimators": 220,
        "learning_rate": 0.05,
        "max_depth": 6,
        "num_leaves": 31,
        "max_bin": 255,
        "subsample": 0.8,
        "l2_regularization": 1.0,
        "min_samples_leaf": 20,
        "min_child_weight": 20.0,
        "min_split_gain": 0.0,
        "random_state": 42
      },
      "dataset_name": "large",
      "timeout_s": 8.0,
      "reduced_from_n_samples": 320000,
      "reduction_round": 3,
      "r2_spread_for_scenario": 0.017743670239955156,
      "r2_spread_tolerance": 0.03,
      "r2_spread_within_tolerance": true
    },
    {
      "model": "xgboost_hist",
      "threads": 1,
      "effective_threads": 1,
      "n_samples": 40000,
      "n_features": 120,
      "fit_seconds": 5.884204875000023,
      "predict_seconds": 0.015420334000054936,
      "total_seconds": 5.925407916999802,
      "peak_rss_mb": 414.09375,
      "rmse": 305.6444906873016,
      "r2": 0.6933204531669617,
      "fitted_trees": 220,
      "expected_trees": 220,
      "fitted_trees_match_expected": true,
      "total_nodes": 13420,
      "avg_nodes_per_tree": 61.0,
      "hyperparameters": {
        "loss": "squared_error",
        "n_estimators": 220,
        "learning_rate": 0.05,
        "max_depth": 6,
        "num_leaves": 31,
        "max_bin": 255,
        "subsample": 0.8,
        "l2_regularization": 1.0,
        "min_samples_leaf": 20,
        "min_child_weight": 20.0,
        "min_split_gain": 0.0,
        "random_state": 42
      },
      "dataset_name": "large",
      "timeout_s": 8.0,
      "reduced_from_n_samples": 320000,
      "reduction_round": 3,
      "r2_spread_for_scenario": 0.017743670239955156,
      "r2_spread_tolerance": 0.03,
      "r2_spread_within_tolerance": true
    },
    {
      "model": "lightgbm_hist",
      "threads": 1,
      "effective_threads": 1,
      "n_samples": 70000,
      "n_features": 80,
      "fit_seconds": 4.083318833000021,
      "predict_seconds": 0.141572750000023,
      "total_seconds": 4.30412008299993,
      "peak_rss_mb": 376.09375,
      "rmse": 192.51309108848287,
      "r2": 0.7935904890371346,
      "fitted_trees": 220,
      "expected_trees": 220,
      "fitted_trees_match_expected": true,
      "total_nodes": 13420,
      "avg_nodes_per_tree": 61.0,
      "hyperparameters": {
        "loss": "squared_error",
        "n_estimators": 220,
        "learning_rate": 0.05,
        "max_depth": 6,
        "num_leaves": 31,
        "max_bin": 255,
        "subsample": 0.8,
        "l2_regularization": 1.0,
        "min_samples_leaf": 20,
        "min_child_weight": 20.0,
        "min_split_gain": 0.0,
        "random_state": 42
      },
      "dataset_name": "medium",
      "timeout_s": 8.0,
      "reduced_from_n_samples": 140000,
      "reduction_round": 1,
      "r2_spread_for_scenario": 0.008491213875446824,
      "r2_spread_tolerance": 0.03,
      "r2_spread_within_tolerance": true
    },
    {
      "model": "sklearn_hgb_fixed",
      "threads": 1,
      "effective_threads": 1,
      "n_samples": 70000,
      "n_features": 80,
      "fit_seconds": 4.557381208999914,
      "predict_seconds": 0.13433550000002015,
      "total_seconds": 4.762555708000036,
      "peak_rss_mb": 328.609375,
      "rmse": 196.43295731598647,
      "r2": 0.7850992751616878,
      "fitted_trees": 220,
      "expected_trees": 220,
      "fitted_trees_match_expected": true,
      "total_nodes": 13420,
      "avg_nodes_per_tree": 61.0,
      "hyperparameters": {
        "loss": "squared_error",
        "n_estimators": 220,