{
  "ranked_models": [
    {
      "model": "sklearn_hgb_fixed",
      "median_total_s": 4.198820271000045,
      "mean_total_s": 5.875143083375008,
      "median_fit_s": 3.161186416749956,
      "geo_mean_total_s": 4.204009379940207,
      "mean_peak_rss_mb": 371.48828125,
      "mean_r2": 0.8026369455898716,
      "max_r2_spread_for_matched_scenario": 0.007996329516976708
    },
    {
      "model": "xgboost_hist",
      "median_total_s": 4.710363250000057,
      "mean_total_s": 6.605014354125032,
      "median_fit_s": 4.089698187499948,
      "geo_mean_total_s": 4.796638183335638,
      "mean_peak_rss_mb": 379.92578125,
      "mean_r2": 0.8100932538509369,
      "max_r2_spread_for_matched_scenario": 0.007996329516976708
    },
    {
      "model": "lightgbm_hist",
      "median_total_s": 4.767439916499939,
      "mean_total_s": 6.008948453124987,
      "median_fit_s": 4.191099520500018,
      "geo_mean_total_s": 4.30439990528572,
      "mean_peak_rss_mb": 464.314453125,
      "mean_r2": 0.8101703623030931,
      "max_r2_spread_for_matched_scenario": 0.007996329516976708
    },
    {
      "model": "sklearn_hgb",
      "median_total_s": 7.029617167000083,
      "mean_total_s": 6.759927229375023,
      "median_fit_s": 6.363642645499965,
      "geo_mean_total_s": 5.464131195278493,
      "mean_peak_rss_mb": 367.283203125,
      "mean_r2": 0.8026369455898716,
      "max_r2_spread_for_matched_scenario": 0.007996329516976708
    }
  ],
  "single_thread_runs": [
    {
      "model": "sklearn_hgb_fixed",
      "threads": 1,
      "effective_threads": 1,
      "n_samples": 180000,
      "n_features": 120,
      "fit_seconds": 14.020426250000014,
      "predict_seconds": 0.8499242909999793,
      "total_seconds": 14.905018874999996,
      "peak_rss_mb": 564.296875,
      "rmse": 341.8488463922328,
      "r2": 0.6629752467220784,
      "fitted_trees": 220,
      "expected_trees": 220,
      "fitted_trees_match_expected": true,
      "total_nodes": 13420,
      "avg_nodes_per_tree": 61.0,
      "hyperparameters": {
        "loss": "squared_error",
        "n_estimators": 220,
        "learning_rate": 0.05,
        "max_depth": 6,
        "num_leaves": 31,
        "max_bin": 255,
        "subsample": 0.8,
        "l2_regularization": 1.0,
        "min_samples_leaf": 20,
        "min_child_weight": 20.0,
        "min_split_gain": 0.0,
        "random_state": 42
      },
      "dataset_name": "medium",
      "timeout_s": 20.0,
      "reduced_from_n_samples": 180000,
      "reduction_round": 0,
      "r2_spread_for_scenario": 0.007996329516976708,
      "r2_spread_tolerance": 0.03,
      "r2_spread_within_tolerance": true
    },
    {
      "model": "sklearn_hgb",
      "threads": 1,
      "effective_threads": 1,
      "n_samples": 180000,
      "n_features": 120,
      "fit_seconds": 14.266787000000022,
      "predict_seconds": 0.8151072090000753,
      "total_seconds": 15.111254959000007,
      "peak_rss_mb": 563.71875,
      "rmse": 341.8488463922328,
      "r2": 0.6629752467220784,
      "fitted_trees": 220,
      "expected_trees": 220,
      "fitted_trees_match_expected": true,
      "total_nodes": 13420,
      "avg_nodes_per_tree": 61.0,
      "hyperparameters": {
        "loss": "squared_error",
        "n_estimators": 220,
        "learning_rate": 0.05,
        "max_depth": 6,
        "num_leaves": 31,
        "max_bin": 255,
        "subsample": 0.8,
        "l2_regularization": 1.0,
        "min_samples_leaf": 20,
        "min_child_weight": 20.0,
        "min_split_gain": 0.0,
        "random_state": 42
      },
      "dataset_name": "medium",
      "timeout_s": 20.0,
      "reduced_from_n_samples": 180000,
      "reduction_round": 0,
      "r2_spread_for_scenario": 0.007996329516976708,
      "r2_spread_tolerance": 0.03,
      "r2_spread_within_tolerance": true
    },
    {
      "model": "lightgbm_hist",
      "threads": 1,
      "effective_threads": 1,
      "n_samples": 180000,
      "n_features": 120,
      "fit_seconds": 15.025815458000011,
      "predict_seconds": 0.3922206459999984,
      "total_seconds": 15.85872916599999,
      "peak_rss_mb": 776.453125,
      "rmse": 337.7691083665828,
      "r2": 0.6709715762390551,
      "fitted_trees": 220,
      "expected_trees": 220,
      "fitted_trees_match_expected": true,
      "total_nodes": 13420,
      "avg_nodes_per_tree": 61.0,
      "hyperparameters": {
        "loss": "squared_error",
        "n_estimators": 220,
        "learning_rate": 0.05,
        "max_depth": 6,
        "num_leaves": 31,
        "max_bin": 255,
        "subsample": 0.8,
        "l2_regularization": 1.0,
        "min_samples_leaf": 20,
        "min_child_weight": 20.0,
        "min_split_gain": 0.0,
        "random_state": 42
      },
      "dataset_name": "medium",
      "timeout_s": 20.0,
      "reduced_from_n_samples": 180000,
      "reduction_round": 0,
      "r2_spread_for_scenario": 0.007996329516976708,
      "r2_spread_tolerance": 0.03,
      "r2_spread_within_tolerance": true
    },
    {
      "model": "xgboost_hist",
      "threads": 1,
      "effective_threads": 1,
      "n_samples": 180000,
      "n_features": 120,
      "fit_seconds": 15.495012833000033,
      "predict_seconds": 0.07230706557142444,
      "total_seconds": 16.077466000000072,
      "peak_rss_mb": 590.265625,
      "rmse": 338.0452308863416,
      "r2": 0.6704334020614624,
      "fitted_trees": 220,
      "expected_trees": 220,
      "fitted_trees_match_expected": true,
      "total_nodes": 13420,
      "avg_nodes_per_tree": 61.0,
      "hyperparameters": {
        "loss": "squared_error",
        "n_estimators": 220,
        "learning_rate": 0.05,
        "max_depth": 6,
        "num_leaves": 31,
        "max_bin": 255,
        "subsample": 0.8,
        "l2_regularization": 1.0,
        "min_samples_leaf": 20,
        "min_child_weight": 20.0,
        "min_split_gain": 0.0,
        "random_state": 42
      },
      "dataset_name": "medium",
      "timeout_s": 20.0,
      "reduced_from_n_samples": 180000,
      "reduction_round": 0,
      "r2_spread_for_scenario": 0.007996329516976708,
      "r2_spread_tolerance": 0.03,
      "r2_spread_within_tolerance": true
    },
    {
      "model": "lightgbm_hist",
      "threads": 1,
      "effective_threads": 1,
      "n_samples": 12000,
      "n_features": 24,
      "fit_seconds": 0.5067954584999939,
      "predict_seconds": 0.022383958304346932,
      "total_seconds": 1.5577430420000837,
      "peak_rss_mb": 184.078125,
      "rmse": 48.7872923121708,
      "r2": 0.949369148367131,
      "fitted_trees": 220,
      "expected_trees": 220,
      "fitted_trees_match_expected": true,
      "total_nodes": 13386,
      "avg_nodes_per_tree": 60.845454545454544,
      "hyperparameters": {
        "loss": "squared_error",
        "n_estimators": 220,
        "learning_rate": 0.05,
        "max_depth": 6,
        "num_leaves": 31,
        "max_bin": 255,
        "subsample": 0.8,
        "l2_regularization": 1.0,
        "min_samples_leaf": 20,
        "min_child_weight": 20.0,
        "min_split_gain": 0.0,
        "random_state": 42
      },
      "dataset_name": "small",
      "timeout_s": 20.0,
      "reduced_from_n_samples": 12000,
      "reduction_round": 0,
      "r2_spread_for_scenario": 0.007454461182746508,
      "r2_spread_tolerance": 0.03,
      "r2_spread_within_tolerance": true
    },
    {
      "model": "sklearn_hgb",
      "threads": 1,
      "effective_threads": 1,
      "n_samples": 12000,
      "n_features": 24,
      "fit_seconds": 0.8396093124999879,
      "predict_seconds": 0.023121416681817664,
      "total_seconds": 2.2374967920000017,
      "peak_rss_mb": 181.25,
      "rmse": 52.08253413992273,
      "r2": 0.9422986444576649,
      "fitted_trees": 220,
      "expected_trees": 220,
      "fitted_trees_match_expected": true,
      "total_nodes": 13414,
      "avg_nodes_per_tree": 60.972727272727276,
      "hyperparameters": {
        "loss": "squared_error",