{
  "ranked_models": [
    {
      "model": "lightgbm_hist",
      "median_total_s": 0.9444499164999627,
      "mean_total_s": 1.0692397291666491,
      "median_fit_s": 0.8903442920000089,
      "geo_mean_total_s": 0.7698715154671197,
      "mean_peak_rss_mb": 203.65885416666666,
      "mean_r2": 0.7803108999929542,
      "max_r2_spread_for_matched_scenario": 0.041306412671803794
    },
    {
      "model": "xgboost_hist",
      "median_total_s": 1.368717583499972,
      "mean_total_s": 1.6180347776666697,
      "median_fit_s": 1.3027823744999978,
      "geo_mean_total_s": 1.079863553482584,
      "mean_peak_rss_mb": 214.8515625,
      "mean_r2": 0.7893772721290588,
      "max_r2_spread_for_matched_scenario": 0.041306412671803794
    },
    {
      "model": "sklearn_hgb",
      "median_total_s": 1.4090167914999938,
      "mean_total_s": 1.5515038749999899,
      "median_fit_s": 1.3856237084999918,
      "geo_mean_total_s": 1.2659105890214608,
      "mean_peak_rss_mb": 205.96354166666666,
      "mean_r2": 0.7542836286860745,
      "max_r2_spread_for_matched_scenario": 0.041306412671803794
    },
    {
      "model": "sklearn_hgb_fixed",
      "median_total_s": 1.6746833750000008,
      "mean_total_s": 1.6410070971666642,
      "median_fit_s": 1.6159543750000012,
      "geo_mean_total_s": 1.1829770513956157,
      "mean_peak_rss_mb": 210.0859375,
      "mean_r2": 0.7542836286860745,
      "max_r2_spread_for_matched_scenario": 0.041306412671803794
    }
  ],
  "single_thread_runs": [
    {
      "model": "lightgbm_hist",
      "threads": 1,
      "effective_threads": 1,
      "n_samples": 13996,
      "n_features": 120,
      "fit_seconds": 2.251592915999993,
      "predict_seconds": 0.03188199999999597,
      "total_seconds": 2.31253774999999,
      "peak_rss_mb": 233.28125,
      "rmse": 299.78614055245487,
      "r2": 0.6938108833967872,
      "fitted_trees": 220,
      "expected_trees": 220,
      "fitted_trees_match_expected": true,
      "total_nodes": 13420,
      "avg_nodes_per_tree": 61.0,
      "hyperparameters": {
        "loss": "squared_error",
        "n_estimators": 220,
        "learning_rate": 0.05,
        "max_depth": 6,
        "num_leaves": 31,
        "max_bin": 255,
        "subsample": 0.8,
        "l2_regularization": 1.0,
        "min_samples_leaf": 20,
        "min_child_weight": 20.0,
        "min_split_gain": 0.0,
        "random_state": 42
      },
      "dataset_name": "large",
      "timeout_s": 5.0,
      "reduced_from_n_samples": 180000,
      "reduction_round": 5,
      "r2_spread_for_scenario": 0.028880874214164964,
      "r2_spread_tolerance": 0.03,
      "r2_spread_within_tolerance": true
    },
    {
      "model": "sklearn_hgb_fixed",
      "threads": 1,
      "effective_threads": 1,
      "n_samples": 13996,
      "n_features": 120,
      "fit_seconds": 2.7025946659999818,
      "predict_seconds": 0.030363292000004094,
      "total_seconds": 2.7407299169999533,
      "peak_rss_mb": 252.375,
      "rmse": 311.06492622738176,
      "r2": 0.6703381142044141,
      "fitted_trees": 220,
      "expected_trees": 220,
      "fitted_trees_match_expected": true,
      "total_nodes": 13420,
      "avg_nodes_per_tree": 61.0,
      "hyperparameters": {
        "loss": "squared_error",
        "n_estimators": 220,
        "learning_rate": 0.05,
        "max_depth": 6,
        "num_leaves": 31,
        "max_bin": 255,
        "subsample": 0.8,
        "l2_regularization": 1.0,
        "min_samples_leaf": 20,
        "min_child_weight": 20.0,
        "min_split_gain": 0.0,
        "random_state": 42
      },
      "dataset_name": "large",
      "timeout_s": 5.0,
      "reduced_from_n_samples": 180000,
      "reduction_round": 5,
      "r2_spread_for_scenario": 0.028880874214164964,
      "r2_spread_tolerance": 0.03,
      "r2_spread_within_tolerance": true
    },
    {
      "model": "sklearn_hgb",
      "threads": 1,
      "effective_threads": 1,
      "n_samples": 13996,
      "n_features": 120,
      "fit_seconds": 2.700693666999996,
      "predict_seconds": 0.033703082999977596,
      "total_seconds": 2.7871280419999493,
      "peak_rss_mb": 251.515625,
      "rmse": 311.06492622738176,
      "r2": 0.6703381142044141,
      "fitted_trees": 220,
      "expected_trees": 220,
      "fitted_trees_match_expected": true,
      "total_nodes": 13420,
      "avg_nodes_per_tree": 61.0,
      "hyperparameters": {
        "loss": "squared_error",
        "n_estimators": 220,
        "learning_rate": 0.05,
        "max_depth": 6,
        "num_leaves": 31,
        "max_bin": 255,
        "subsample": 0.8,
        "l2_regularization": 1.0,
        "min_samples_leaf": 20,
        "min_child_weight": 20.0,
        "min_split_gain": 0.0,
        "random_state": 42
      },
      "dataset_name": "large",
      "timeout_s": 5.0,
      "reduced_from_n_samples": 180000,
      "reduction_round": 5,
      "r2_spread_for_scenario": 0.028880874214164964,
      "r2_spread_tolerance": 0.03,
      "r2_spread_within_tolerance": true
    },
    {
      "model": "xgboost_hist",
      "threads": 1,
      "effective_threads": 1,
      "n_samples": 13996,
      "n_features": 120,
      "fit_seconds": 3.6896718749999877,
      "predict_seconds": 0.006045625000012933,
      "total_seconds": 3.715534916000024,
      "peak_rss_mb": 265.75,
      "rmse": 297.1268536963632,
      "r2": 0.6992189884185791,
      "fitted_trees": 220,
      "expected_trees": 220,
      "fitted_trees_match_expected": true,
      "total_nodes": 13420,
      "avg_nodes_per_tree": 61.0,
      "hyperparameters": {
        "loss": "squared_error",
        "n_estimators": 220,
        "learning_rate": 0.05,
        "max_depth": 6,
        "num_leaves": 31,
        "max_bin": 255,
        "subsample": 0.8,
        "l2_regularization": 1.0,
        "min_samples_leaf": 20,
        "min_child_weight": 20.0,
        "min_split_gain": 0.0,
        "random_state": 42
      },
      "dataset_name": "large",
      "timeout_s": 5.0,
      "reduced_from_n_samples": 180000,
      "reduction_round": 5,
      "r2_spread_for_scenario": 0.028880874214164964,
      "r2_spread_tolerance": 0.03,
      "r2_spread_within_tolerance": true
    },
    {
      "model": "lightgbm_hist",
      "threads": 1,
      "effective_threads": 1,
      "n_samples": 1555,
      "n_features": 24,
      "fit_seconds": 0.1395359580000104,
      "predict_seconds": 0.0038059999999973115,
      "total_seconds": 0.19324462499997708,
      "peak_rss_mb": 167.640625,
      "rmse": 87.09909030038986,
      "r2": 0.8668109165891211,
      "fitted_trees": 220,
      "expected_trees": 220,
      "fitted_trees_match_expected": true,
      "total_nodes": 8348,
      "avg_nodes_per_tree": 37.945454545454545,
      "hyperparameters": {
        "loss": "squared_error",
        "n_estimators": 220,
        "learning_rate": 0.05,
        "max_depth": 6,
        "num_leaves": 31,
        "max_bin": 255,
        "subsample": 0.8,
        "l2_regularization": 1.0,
        "min_samples_leaf": 20,
        "min_child_weight": 20.0,
        "min_split_gain": 0.0,
        "random_state": 42
      },
      "dataset_name": "small",
      "timeout_s": 5.0,
      "reduced_from_n_samples": 12000,
      "reduction_round": 4,
      "r2_spread_for_scenario": 0.041306412671803794,
      "r2_spread_tolerance": 0.03,
      "r2_spread_within_tolerance": false
    },
    {
      "model": "sklearn_hgb_fixed",
      "threads": 1,
      "effective_threads": 1,
      "n_samples": 1555,
      "n_features": 24,
      "fit_seconds": 0.2414845830000445,
      "predict_seconds": 0.0032725829999549205,
      "total_seconds": 0.2811800829999811,
      "peak_rss_mb": 168.5,
      "rmse": 95.99076368962676,
      "r2": 0.8382291431677348,
      "fitted_trees": 220,
      "expected_trees": 220,
      "fitted_trees_match_expected": true,
      "total_nodes": 9210,
      "avg_nodes_per_tree": 41.86363636363637,
      "hyperparameters": {
        "loss": "squared_error",