{
  "ranked_models": [
    {
      "model": "sklearn_hgb_fixed",
      "median_total_s": 2.452414708999868,
      "mean_total_s": 2.4923602548889097,
      "median_fit_s": 2.343637958000045,
      "geo_mean_total_s": 2.20752654242642,
      "mean_peak_rss_mb": 269.9045138888889,
      "mean_r2": 0.7827651941126441,
      "max_r2_spread_for_matched_scenario": 0.017743670239955156
    },
    {
      "model": "lightgbm_hist",
      "median_total_s": 2.562321374999783,
      "mean_total_s": 2.6056477175555353,
      "median_fit_s": 2.4680460839999796,
      "geo_mean_total_s": 2.443693045980841,
      "mean_peak_rss_mb": 294.28472222222223,
      "mean_r2": 0.7930019567643165,
      "max_r2_spread_for_matched_scenario": 0.017743670239955156
    },
    {
      "model": "sklearn_hgb",
      "median_total_s": 2.6010376250001173,
      "mean_total_s": 2.977791250111093,
      "median_fit_s": 2.478358999999955,
      "geo_mean_total_s": 2.833919950749382,
      "mean_peak_rss_mb": 263.640625,
      "mean_r2": 0.7827651941126441,
      "max_r2_spread_for_matched_scenario": 0.017743670239955156
    },
    {
      "model": "xgboost_hist",
      "median_total_s": 3.086971749999975,
      "mean_total_s": 3.224062833444476,
      "median_fit_s": 2.991214708000143,
      "geo_mean_total_s": 2.976140615427456,
      "mean_peak_rss_mb": 310.4357638888889,
      "mean_r2": 0.7936365008354187,
      "max_r2_spread_for_matched_scenario": 0.017743670239955156
    }
  ],
  "single_thread_runs": [
    {
      "model": "lightgbm_hist",
      "threads": 1,
      "effective_threads": 1,
      "n_samples": 40000,
      "n_features": 120,
      "fit_seconds": 3.947347667000031,
      "predict_seconds": 0.08215579099987735,
      "total_seconds": 4.040815374999966,
      "peak_rss_mb": 324.296875,
      "rmse": 306.1340727740418,
      "r2": 0.6923371795776988,
      "fitted_trees": 220,
      "expected_trees": 220,
      "fitted_trees_match_expected": true,
      "hyperparameters": {
        "loss": "squared_error",
        "n_estimators": 220,
        "learning_rate": 0.05,
        "max_depth": 6,
        "num_leaves": 31,
        "max_bin": 255,
        "subsample": 0.8,
        "l2_regularization": 1.0,
        "min_samples_leaf": 20,
        "min_child_weight": 20.0,
        "min_split_gain": 0.0,
        "random_state": 42
      },
      "dataset_name": "large",
      "timeout_s": 8.0,
      "reduced_from_n_samples": 320000,
      "reduction_round": 3,
      "r2_spread_for_scenario": 0.017743670239955156,
      "r2_spread_tolerance": 0.03,
      "r2_spread_within_tolerance": true
    },
    {
      "model": "sklearn_hgb_fixed",
      "threads": 1,
      "effective_threads": 1,
      "n_samples": 40000,
      "n_features": 120,
      "fit_seconds": 4.275550542000019,
      "predict_seconds": 0.10772858299992549,
      "total_seconds": 4.413190292000081,
      "peak_rss_mb": 303.984375,
      "rmse": 314.3620586197164,
      "r2": 0.6755767829270065,
      "fitted_trees": 220,
      "expected_trees": 220,
      "fitted_trees_match_expected": true,
      "hyperparameters": {
        "loss": "squared_error",
        "n_estimators": 220,
        "learning_rate": 0.05,
        "max_depth": 6,
        "num_leaves": 31,
        "max_bin": 255,
        "subsample": 0.8,
        "l2_regularization": 1.0,
        "min_samples_leaf": 20,
        "min_child_weight": 20.0,
        "min_split_gain": 0.0,
        "random_state": 42
      },
      "dataset_name": "large",
      "timeout_s": 8.0,
      "reduced_from_n_samples": 320000,
      "reduction_round": 3,
      "r2_spread_for_scenario": 0.017743670239955156,
      "r2_spread_tolerance": 0.03,
      "r2_spread_within_tolerance": true
    },
    {
      "model": "sklearn_hgb",
      "threads": 1,
      "effective_threads": 1,
      "n_samples": 40000,
      "n_features": 120,
      "fit_seconds": 4.304931957999997,
      "predict_seconds": 0.10797416699983842,
      "total_seconds": 4.418689916999938,
      "peak_rss_mb": 304.46875,
      "rmse": 314.3620586197164,
      "r2": 0.6755767829270065,
      "fitted_trees": 220,
      "expected_trees": 220,
      "fitted_trees_match_expected": true,
      "hyperparameters": {
        "loss": "squared_error",
        "n_estimators": 220,
        "learning_rate": 0.05,
        "max_depth": 6,
        "num_leaves": 31,
        "max_bin": 255,
        "subsample": 0.8,
        "l2_regularization": 1.0,
        "min_samples_leaf": 20,
        "min_child_weight": 20.0,
        "min_split_gain": 0.0,
        "random_state": 42
      },
      "dataset_name": "large",
      "timeout_s": 8.0,
      "reduced_from_n_samples": 320000,
      "reduction_round": 3,
      "r2_spread_for_scenario": 0.017743670239955156,
      "r2_spread_tolerance": 0.03,
      "r2_spread_within_tolerance": true
    },
    {
      "model": "xgboost_hist",
      "threads": 1,
      "effective_threads": 1,
      "n_samples": 40000,
      "n_features": 120,
      "fit_seconds": 5.631894749999901,
      "predict_seconds": 0.015414499999906184,
      "total_seconds": 5.678117416000077,
      "peak_rss_mb": 369.78125,
      "rmse": 305.6444906873016,
      "r2": 0.6933204531669617,
      "fitted_trees": 220,
      "expected_trees": 220,
      "fitted_trees_match_expected": true,
      "hyperparameters": {
        "loss": "squared_error",
        "n_estimators": 220,
        "learning_rate": 0.05,
        "max_depth": 6,
        "num_leaves": 31,
        "max_bin": 255,
        "subsample": 0.8,
        "l2_regularization": 1.0,
        "min_samples_leaf": 20,
        "min_child_weight": 20.0,
        "min_split_gain": 0.0,
        "random_state": 42
      },
      "dataset_name": "large",
      "timeout_s": 8.0,
      "reduced_from_n_samples": 320000,
      "reduction_round": 3,
      "r2_spread_for_scenario": 0.017743670239955156,
      "r2_spread_tolerance": 0.03,
      "r2_spread_within_tolerance": true
    },
    {
      "model": "lightgbm_hist",
      "threads": 1,
      "effective_threads": 1,
      "n_samples": 70000,
      "n_features": 80,
      "fit_seconds": 3.9055783750000046,
      "predict_seconds": 0.1279164170000513,
      "total_seconds": 4.065796583000065,
      "peak_rss_mb": 347.140625,
      "rmse": 192.51309108848287,
      "r2": 0.7935904890371346,
      "fitted_trees": 220,
      "expected_trees": 220,
      "fitted_trees_match_expected": true,
      "hyperparameters": {
        "loss": "squared_error",
        "n_estimators": 220,
        "learning_rate": 0.05,
        "max_depth": 6,
        "num_leaves": 31,
        "max_bin": 255,
        "subsample": 0.8,
        "l2_regularization": 1.0,
        "min_samples_leaf": 20,
        "min_child_weight": 20.0,
        "min_split_gain": 0.0,
        "random_state": 42
      },
      "dataset_name": "medium",
      "timeout_s": 8.0,
      "reduced_from_n_samples": 140000,
      "reduction_round": 1,
      "r2_spread_for_scenario": 0.008491213875446824,
      "r2_spread_tolerance": 0.03,
      "r2_spread_within_tolerance": true
    },
    {
      "model": "sklearn_hgb_fixed",
      "threads": 1,
      "effective_threads": 1,
      "n_samples": 70000,
      "n_features": 80,
      "fit_seconds": 4.21966000000009,
      "predict_seconds": 0.14236362499991628,
      "total_seconds": 4.370887792000076,
      "peak_rss_mb": 300.4375,
      "rmse": 196.43295731598647,
      "r2": 0.7850992751616878,
      "fitted_trees": 220,
      "expected_trees": 220,
      "fitted_trees_match_expected": true,
      "hyperparameters": {
        "loss": "squared_error",
        "n_estimators": 220,
        "learning_rate": 0.05,
        "max_depth": 6,
        "num_leaves": 31,
        "max_bin": 255,
        "subsample": 0.8,
        "l2_regularization": 1.0,
        "min_samples_leaf": 20,
        "min_child_weight": 20.0,
        "min_split_gain": 0.0,
        "random_state": 42
      },
      "dataset_name": "medium",
      "timeout_s": 8.0,