{
  "ranked_models": [
    {
      "model": "lightgbm_hist",
      "median_total_s": 1.844552500000077,
      "mean_total_s": 1.8521114947500195,
      "median_fit_s": 0.6192775107500097,
      "geo_mean_total_s": 1.845157115581987,
      "mean_peak_rss_mb": 182.158203125,
      "mean_r2": 0.7102312985086923,
      "max_r2_spread_for_matched_scenario": 0.07406285952198799
    },
    {
      "model": "sklearn_hgb_fixed",
      "median_total_s": 1.8812758335000126,
      "mean_total_s": 1.8501865886249789,
      "median_fit_s": 0.6726853229999961,
      "geo_mean_total_s": 1.8408285319777122,
      "mean_peak_rss_mb": 175.9765625,
      "mean_r2": 0.6661575829815753,
      "max_r2_spread_for_matched_scenario": 0.07406285952198799
    },
    {
      "model": "xgboost_hist",
      "median_total_s": 1.9216518540000607,
      "mean_total_s": 1.9745383957500167,
      "median_fit_s": 1.2208553334999692,
      "geo_mean_total_s": 1.9647304621214812,
      "mean_peak_rss_mb": 188.255859375,
      "mean_r2": 0.6949275434017181,
      "max_r2_spread_for_matched_scenario": 0.07406285952198799
    },
    {
      "model": "sklearn_hgb",
      "median_total_s": 1.9638737084999889,
      "mean_total_s": 2.1311377553749793,
      "median_fit_s": 0.7082626772499623,
      "geo_mean_total_s": 2.084585409556193,
      "mean_peak_rss_mb": 174.80078125,
      "mean_r2": 0.6661575829815753,
      "max_r2_spread_for_matched_scenario": 0.07406285952198799
    }
  ],
  "single_thread_runs": [
    {
      "model": "lightgbm_hist",
      "threads": 1,
      "effective_threads": 1,
      "n_samples": 652,
      "n_features": 120,
      "fit_seconds": 0.32024818749999895,
      "predict_seconds": 0.0018126477934782522,
      "total_seconds": 1.8027939580001657,
      "peak_rss_mb": 204.03125,
      "rmse": 379.98822537275555,
      "r2": 0.5085645465506625,
      "fitted_trees": 220,
      "expected_trees": 220,
      "fitted_trees_match_expected": true,
      "total_nodes": 6114,
      "avg_nodes_per_tree": 27.79090909090909,
      "hyperparameters": {
        "loss": "squared_error",
        "n_estimators": 220,
        "learning_rate": 0.05,
        "max_depth": 6,
        "num_leaves": 31,
        "max_bin": 255,
        "subsample": 0.8,
        "l2_regularization": 1.0,
        "min_samples_leaf": 20,
        "min_child_weight": 20.0,
        "min_split_gain": 0.0,
        "random_state": 42
      },
      "dataset_name": "medium",
      "timeout_s": 5.0,
      "reduced_from_n_samples": 180000,
      "reduction_round": 11,
      "r2_spread_for_scenario": 0.07406285952198799,
      "r2_spread_tolerance": 0.03,
      "r2_spread_within_tolerance": false
    },
    {
      "model": "sklearn_hgb_fixed",
      "threads": 1,
      "effective_threads": 1,
      "n_samples": 652,
      "n_features": 120,
      "fit_seconds": 0.6421838750000006,
      "predict_seconds": 0.0021962499999997284,
      "total_seconds": 1.8115791249999802,
      "peak_rss_mb": 180.59375,
      "rmse": 407.61724939280737,
      "r2": 0.43450168702867453,
      "fitted_trees": 220,
      "expected_trees": 220,
      "fitted_trees_match_expected": true,
      "total_nodes": 7040,
      "avg_nodes_per_tree": 32.0,
      "hyperparameters": {
        "loss": "squared_error",
        "n_estimators": 220,
        "learning_rate": 0.05,
        "max_depth": 6,
        "num_leaves": 31,
        "max_bin": 255,
        "subsample": 0.8,
        "l2_regularization": 1.0,
        "min_samples_leaf": 20,
        "min_child_weight": 20.0,
        "min_split_gain": 0.0,
        "random_state": 42
      },
      "dataset_name": "medium",
      "timeout_s": 5.0,
      "reduced_from_n_samples": 180000,
      "reduction_round": 11,
      "r2_spread_for_scenario": 0.07406285952198799,
      "r2_spread_tolerance": 0.03,
      "r2_spread_within_tolerance": false
    },
    {
      "model": "sklearn_hgb",
      "threads": 1,
      "effective_threads": 1,
      "n_samples": 652,
      "n_features": 120,
      "fit_seconds": 0.6768660834999878,
      "predict_seconds": 0.002509121040000082,
      "total_seconds": 1.9382037500000706,
      "peak_rss_mb": 180.46875,
      "rmse": 407.61724939280737,
      "r2": 0.43450168702867453,
      "fitted_trees": 220,
      "expected_trees": 220,
      "fitted_trees_match_expected": true,
      "total_nodes": 7040,
      "avg_nodes_per_tree": 32.0,
      "hyperparameters": {
        "loss": "squared_error",
        "n_estimators": 220,
        "learning_rate": 0.05,
        "max_depth": 6,
        "num_leaves": 31,
        "max_bin": 255,
        "subsample": 0.8,
        "l2_regularization": 1.0,
        "min_samples_leaf": 20,
        "min_child_weight": 20.0,
        "min_split_gain": 0.0,
        "random_state": 42
      },
      "dataset_name": "medium",
      "timeout_s": 5.0,
      "reduced_from_n_samples": 180000,
      "reduction_round": 11,
      "r2_spread_for_scenario": 0.07406285952198799,
      "r2_spread_tolerance": 0.03,
      "r2_spread_within_tolerance": false
    },
    {
      "model": "xgboost_hist",
      "threads": 1,
      "effective_threads": 1,
      "n_samples": 652,
      "n_features": 120,
      "fit_seconds": 0.9170927290000463,
      "predict_seconds": 0.0004092815736496732,
      "total_seconds": 2.347875707999947,
      "peak_rss_mb": 204.09375,
      "rmse": 392.20024381685437,
      "r2": 0.47646957635879517,
      "fitted_trees": 220,
      "expected_trees": 220,
      "fitted_trees_match_expected": true,
      "total_nodes": 6168,
      "avg_nodes_per_tree": 28.036363636363635,
      "hyperparameters": {
        "loss": "squared_error",
        "n_estimators": 220,
        "learning_rate": 0.05,
        "max_depth": 6,
        "num_leaves": 31,
        "max_bin": 255,
        "subsample": 0.8,
        "l2_regularization": 1.0,
        "min_samples_leaf": 20,
        "min_child_weight": 20.0,
        "min_split_gain": 0.0,
        "random_state": 42
      },
      "dataset_name": "medium",
      "timeout_s": 5.0,
      "reduced_from_n_samples": 180000,
      "reduction_round": 11,
      "r2_spread_for_scenario": 0.07406285952198799,
      "r2_spread_tolerance": 0.03,
      "r2_spread_within_tolerance": false
    },
    {
      "model": "sklearn_hgb",
      "threads": 1,
      "effective_threads": 1,
      "n_samples": 2592,
      "n_features": 24,
      "fit_seconds": 0.5419226459999891,
      "predict_seconds": 0.007041924194445591,
      "total_seconds": 1.6308972499999754,
      "peak_rss_mb": 171.109375,
      "rmse": 72.37341221102626,
      "r2": 0.8978134789344762,
      "fitted_trees": 220,
      "expected_trees": 220,
      "fitted_trees_match_expected": true,
      "total_nodes": 10976,
      "avg_nodes_per_tree": 49.89090909090909,
      "hyperparameters": {
        "loss": "squared_error",
        "n_estimators": 220,
        "learning_rate": 0.05,
        "max_depth": 6,
        "num_leaves": 31,
        "max_bin": 255,
        "subsample": 0.8,
        "l2_regularization": 1.0,
        "min_samples_leaf": 20,
        "min_child_weight": 20.0,
        "min_split_gain": 0.0,
        "random_state": 42
      },
      "dataset_name": "small",
      "timeout_s": 5.0,
      "reduced_from_n_samples": 12000,
      "reduction_round": 3,
      "r2_spread_for_scenario": 0.015572031510164952,
      "r2_spread_tolerance": 0.03,
      "r2_spread_within_tolerance": true
    },
    {
      "model": "sklearn_hgb_fixed",
      "threads": 1,
      "effective_threads": 1,
      "n_samples": 2592,
      "n_features": 24,
      "fit_seconds": 0.5259795625000265,
      "predict_seconds": 0.007774569876923683,
      "total_seconds": 1.633784999999989,
      "peak_rss_mb": 171.71875,
      "rmse": 72.37341221102626,
      "r2": 0.8978134789344762,
      "fitted_trees": 220,
      "expected_trees": 220,
      "fitted_trees_match_expected": true,
      "total_nodes": 10976,
      "avg_nodes_per_tree": 49.89090909090909,