{
  "ranked_models": [
    {
      "model": "lightgbm_hist",
      "median_total_s": 0.9045076664999954,
      "mean_total_s": 0.8886915276666679,
      "median_fit_s": 0.8701359585000006,
      "geo_mean_total_s": 0.8450246109518672,
      "mean_peak_rss_mb": 181.3671875,
      "mean_r2": 0.7680051529015439,
      "max_r2_spread_for_matched_scenario": 0.05675360041367128
    },
    {
      "model": "sklearn_hgb_fixed",
      "median_total_s": 1.0901294999999962,
      "mean_total_s": 1.0822407568333314,
      "median_fit_s": 1.0698817500000004,
      "geo_mean_total_s": 0.9824533122130603,
      "mean_peak_rss_mb": 187.18489583333334,
      "mean_r2": 0.7360931007399751,
      "max_r2_spread_for_matched_scenario": 0.05675360041367128
    },
    {
      "model": "xgboost_hist",
      "median_total_s": 1.4199311044999945,
      "mean_total_s": 1.3430992639999981,
      "median_fit_s": 1.4072167499999964,
      "geo_mean_total_s": 1.2675723254514024,
      "mean_peak_rss_mb": 193.45833333333334,
      "mean_r2": 0.7675439119338989,
      "max_r2_spread_for_matched_scenario": 0.05675360041367128
    },
    {
      "model": "sklearn_hgb",
      "median_total_s": 1.4477700415,
      "mean_total_s": 1.7021217846666659,
      "median_fit_s": 1.4146399580000022,
      "geo_mean_total_s": 1.5339598190884733,
      "mean_peak_rss_mb": 185.52604166666666,
      "mean_r2": 0.7360931007399751,
      "max_r2_spread_for_matched_scenario": 0.05675360041367128
    }
  ],
  "single_thread_runs": [
    {
      "model": "lightgbm_hist",
      "threads": 1,
      "effective_threads": 1,
      "n_samples": 1813,
      "n_features": 120,
      "fit_seconds": 0.8471145420000141,
      "predict_seconds": 0.004537707999986651,
      "total_seconds": 0.8697588750000023,
      "peak_rss_mb": 186.140625,
      "rmse": 327.2021578935282,
      "r2": 0.5866411574359567,
      "fitted_trees": 220,
      "expected_trees": 220,
      "fitted_trees_match_expected": true,
      "total_nodes": 11256,
      "avg_nodes_per_tree": 51.163636363636364,
      "hyperparameters": {
        "loss": "squared_error",
        "n_estimators": 220,
        "learning_rate": 0.05,
        "max_depth": 6,
        "num_leaves": 31,
        "max_bin": 255,
        "subsample": 0.8,
        "l2_regularization": 1.0,
        "min_samples_leaf": 20,
        "min_child_weight": 20.0,
        "min_split_gain": 0.0,
        "random_state": 42
      },
      "dataset_name": "medium",
      "timeout_s": 5.0,
      "reduced_from_n_samples": 180000,
      "reduction_round": 9,
      "r2_spread_for_scenario": 0.05675360041367128,
      "r2_spread_tolerance": 0.03,
      "r2_spread_within_tolerance": false
    },
    {
      "model": "sklearn_hgb_fixed",
      "threads": 1,
      "effective_threads": 1,
      "n_samples": 1813,
      "n_features": 120,
      "fit_seconds": 1.4470613749999757,
      "predict_seconds": 0.004647916000010355,
      "total_seconds": 1.4595469159999936,
      "peak_rss_mb": 197.59375,
      "rmse": 348.94213669349836,
      "r2": 0.5298875570222854,
      "fitted_trees": 220,
      "expected_trees": 220,
      "fitted_trees_match_expected": true,
      "total_nodes": 12398,
      "avg_nodes_per_tree": 56.35454545454545,
      "hyperparameters": {
        "loss": "squared_error",
        "n_estimators": 220,
        "learning_rate": 0.05,
        "max_depth": 6,
        "num_leaves": 31,
        "max_bin": 255,
        "subsample": 0.8,
        "l2_regularization": 1.0,
        "min_samples_leaf": 20,
        "min_child_weight": 20.0,
        "min_split_gain": 0.0,
        "random_state": 42
      },
      "dataset_name": "medium",
      "timeout_s": 5.0,
      "reduced_from_n_samples": 180000,
      "reduction_round": 9,
      "r2_spread_for_scenario": 0.05675360041367128,
      "r2_spread_tolerance": 0.03,
      "r2_spread_within_tolerance": false
    },
    {
      "model": "sklearn_hgb",
      "threads": 1,
      "effective_threads": 1,
      "n_samples": 1813,
      "n_features": 120,
      "fit_seconds": 1.5708365000000128,
      "predict_seconds": 0.004693000000003167,
      "total_seconds": 1.597345292,
      "peak_rss_mb": 197.703125,
      "rmse": 348.94213669349836,
      "r2": 0.5298875570222854,
      "fitted_trees": 220,
      "expected_trees": 220,
      "fitted_trees_match_expected": true,
      "total_nodes": 12398,
      "avg_nodes_per_tree": 56.35454545454545,
      "hyperparameters": {
        "loss": "squared_error",
        "n_estimators": 220,
        "learning_rate": 0.05,
        "max_depth": 6,
        "num_leaves": 31,
        "max_bin": 255,
        "subsample": 0.8,
        "l2_regularization": 1.0,
        "min_samples_leaf": 20,
        "min_child_weight": 20.0,
        "min_split_gain": 0.0,
        "random_state": 42
      },
      "dataset_name": "medium",
      "timeout_s": 5.0,
      "reduced_from_n_samples": 180000,
      "reduction_round": 9,
      "r2_spread_for_scenario": 0.05675360041367128,
      "r2_spread_tolerance": 0.03,
      "r2_spread_within_tolerance": false
    },
    {
      "model": "xgboost_hist",
      "threads": 1,
      "effective_threads": 1,
      "n_samples": 1813,
      "n_features": 120,
      "fit_seconds": 1.795767249999983,
      "predict_seconds": 0.0014138330000150745,
      "total_seconds": 1.8182760830000007,
      "peak_rss_mb": 206.28125,
      "rmse": 327.71882002716904,
      "r2": 0.5853347182273865,
      "fitted_trees": 220,
      "expected_trees": 220,
      "fitted_trees_match_expected": true,
      "total_nodes": 11618,
      "avg_nodes_per_tree": 52.80909090909091,
      "hyperparameters": {
        "loss": "squared_error",
        "n_estimators": 220,
        "learning_rate": 0.05,
        "max_depth": 6,
        "num_leaves": 31,
        "max_bin": 255,
        "subsample": 0.8,
        "l2_regularization": 1.0,
        "min_samples_leaf": 20,
        "min_child_weight": 20.0,
        "min_split_gain": 0.0,
        "random_state": 42
      },
      "dataset_name": "medium",
      "timeout_s": 5.0,
      "reduced_from_n_samples": 180000,
      "reduction_round": 9,
      "r2_spread_for_scenario": 0.05675360041367128,
      "r2_spread_tolerance": 0.03,
      "r2_spread_within_tolerance": false
    },
    {
      "model": "lightgbm_hist",
      "threads": 1,
      "effective_threads": 1,
      "n_samples": 12000,
      "n_features": 24,
      "fit_seconds": 0.4377333339999865,
      "predict_seconds": 0.025833250000005137,
      "total_seconds": 0.4888219170000099,
      "peak_rss_mb": 177.53125,
      "rmse": 48.7872923121708,
      "r2": 0.949369148367131,
      "fitted_trees": 220,
      "expected_trees": 220,
      "fitted_trees_match_expected": true,
      "total_nodes": 13386,
      "avg_nodes_per_tree": 60.845454545454544,
      "hyperparameters": {
        "loss": "squared_error",
        "n_estimators": 220,
        "learning_rate": 0.05,
        "max_depth": 6,
        "num_leaves": 31,
        "max_bin": 255,
        "subsample": 0.8,
        "l2_regularization": 1.0,
        "min_samples_leaf": 20,
        "min_child_weight": 20.0,
        "min_split_gain": 0.0,
        "random_state": 42
      },
      "dataset_name": "small",
      "timeout_s": 5.0,
      "reduced_from_n_samples": 12000,
      "reduction_round": 0,
      "r2_spread_for_scenario": 0.007454461182746508,
      "r2_spread_tolerance": 0.03,
      "r2_spread_within_tolerance": true
    },
    {
      "model": "sklearn_hgb_fixed",
      "threads": 1,
      "effective_threads": 1,
      "n_samples": 12000,
      "n_features": 24,
      "fit_seconds": 0.6448828329999969,
      "predict_seconds": 0.026641707999999653,
      "total_seconds": 0.672987207999995,
      "peak_rss_mb": 178.4375,
      "rmse": 52.08253413992273,
      "r2": 0.9422986444576649,
      "fitted_trees": 220,
      "expected_trees": 220,
      "fitted_trees_match_expected": true,
      "total_nodes": 13414,
      "avg_nodes_per_tree": 60.972727272727276,