{
  "ranked_models": [
    {
      "model": "lightgbm_hist",
      "median_total_s": 1.0949508125000875,
      "mean_total_s": 1.1612064166667058,
      "median_fit_s": 1.067288979500006,
      "geo_mean_total_s": 1.0188364237201941,
      "mean_peak_rss_mb": 208.52864583333334,
      "mean_r2": 0.8215900158819591,
      "max_r2_spread_for_matched_scenario": 0.028880874214164964
    },
    {
      "model": "sklearn_hgb_fixed",
      "median_total_s": 1.3275462919999654,
      "mean_total_s": 1.5370196666666516,
      "median_fit_s": 1.302266228999997,
      "geo_mean_total_s": 1.393355091482499,
      "mean_peak_rss_mb": 214.9140625,
      "mean_r2": 0.8063183793310396,
      "max_r2_spread_for_matched_scenario": 0.028880874214164964
    },
    {
      "model": "xgboost_hist",
      "median_total_s": 1.5844334170000138,
      "mean_total_s": 1.8010010626666713,
      "median_fit_s": 1.5380180000000223,
      "geo_mean_total_s": 1.4730059398599489,
      "mean_peak_rss_mb": 220.34114583333334,
      "mean_r2": 0.8244860470294952,
      "max_r2_spread_for_matched_scenario": 0.028880874214164964
    },
    {
      "model": "sklearn_hgb",
      "median_total_s": 2.0400635415000465,
      "mean_total_s": 1.9776506596666839,
      "median_fit_s": 1.9807498749999581,
      "geo_mean_total_s": 1.7803615394117074,
      "mean_peak_rss_mb": 210.87760416666666,
      "mean_r2": 0.8063183793310396,
      "max_r2_spread_for_matched_scenario": 0.028880874214164964
    }
  ],
  "single_thread_runs": [
    {
      "model": "lightgbm_hist",
      "threads": 1,
      "effective_threads": 1,
      "n_samples": 13996,
      "n_features": 120,
      "fit_seconds": 2.1283284999999523,
      "predict_seconds": 0.02710550000006151,
      "total_seconds": 2.1747782499999175,
      "peak_rss_mb": 245.625,
      "rmse": 299.78614055245487,
      "r2": 0.6938108833967872,
      "fitted_trees": 220,
      "expected_trees": 220,
      "fitted_trees_match_expected": true,
      "total_nodes": 13420,
      "avg_nodes_per_tree": 61.0,
      "hyperparameters": {
        "loss": "squared_error",
        "n_estimators": 220,
        "learning_rate": 0.05,
        "max_depth": 6,
        "num_leaves": 31,
        "max_bin": 255,
        "subsample": 0.8,
        "l2_regularization": 1.0,
        "min_samples_leaf": 20,
        "min_child_weight": 20.0,
        "min_split_gain": 0.0,
        "random_state": 42
      },
      "dataset_name": "medium",
      "timeout_s": 5.0,
      "reduced_from_n_samples": 180000,
      "reduction_round": 5,
      "r2_spread_for_scenario": 0.028880874214164964,
      "r2_spread_tolerance": 0.03,
      "r2_spread_within_tolerance": true
    },
    {
      "model": "sklearn_hgb_fixed",
      "threads": 1,
      "effective_threads": 1,
      "n_samples": 13996,
      "n_features": 120,
      "fit_seconds": 2.666555125000059,
      "predict_seconds": 0.0295147919999863,
      "total_seconds": 2.697738582999932,
      "peak_rss_mb": 252.3125,
      "rmse": 311.06492622738176,
      "r2": 0.6703381142044141,
      "fitted_trees": 220,
      "expected_trees": 220,
      "fitted_trees_match_expected": true,
      "total_nodes": 13420,
      "avg_nodes_per_tree": 61.0,
      "hyperparameters": {
        "loss": "squared_error",
        "n_estimators": 220,
        "learning_rate": 0.05,
        "max_depth": 6,
        "num_leaves": 31,
        "max_bin": 255,
        "subsample": 0.8,
        "l2_regularization": 1.0,
        "min_samples_leaf": 20,
        "min_child_weight": 20.0,
        "min_split_gain": 0.0,
        "random_state": 42
      },
      "dataset_name": "medium",
      "timeout_s": 5.0,
      "reduced_from_n_samples": 180000,
      "reduction_round": 5,
      "r2_spread_for_scenario": 0.028880874214164964,
      "r2_spread_tolerance": 0.03,
      "r2_spread_within_tolerance": true
    },
    {
      "model": "sklearn_hgb",
      "threads": 1,
      "effective_threads": 1,
      "n_samples": 13996,
      "n_features": 120,
      "fit_seconds": 2.684824916999901,
      "predict_seconds": 0.02982870800008186,
      "total_seconds": 2.731127624999999,
      "peak_rss_mb": 252.078125,
      "rmse": 311.06492622738176,
      "r2": 0.6703381142044141,
      "fitted_trees": 220,
      "expected_trees": 220,
      "fitted_trees_match_expected": true,
      "total_nodes": 13420,
      "avg_nodes_per_tree": 61.0,
      "hyperparameters": {
        "loss": "squared_error",
        "n_estimators": 220,
        "learning_rate": 0.05,
        "max_depth": 6,
        "num_leaves": 31,
        "max_bin": 255,
        "subsample": 0.8,
        "l2_regularization": 1.0,
        "min_samples_leaf": 20,
        "min_child_weight": 20.0,
        "min_split_gain": 0.0,
        "random_state": 42
      },
      "dataset_name": "medium",
      "timeout_s": 5.0,
      "reduced_from_n_samples": 180000,
      "reduction_round": 5,
      "r2_spread_for_scenario": 0.028880874214164964,
      "r2_spread_tolerance": 0.03,
      "r2_spread_within_tolerance": true
    },
    {
      "model": "xgboost_hist",
      "threads": 1,
      "effective_threads": 1,
      "n_samples": 13996,
      "n_features": 120,
      "fit_seconds": 3.7009953750000477,
      "predict_seconds": 0.006173375000003034,
      "total_seconds": 3.708888541999954,
      "peak_rss_mb": 262.34375,
      "rmse": 297.1268536963632,
      "r2": 0.6992189884185791,
      "fitted_trees": 220,
      "expected_trees": 220,
      "fitted_trees_match_expected": true,
      "total_nodes": 13420,
      "avg_nodes_per_tree": 61.0,
      "hyperparameters": {
        "loss": "squared_error",
        "n_estimators": 220,
        "learning_rate": 0.05,
        "max_depth": 6,
        "num_leaves": 31,
        "max_bin": 255,
        "subsample": 0.8,
        "l2_regularization": 1.0,
        "min_samples_leaf": 20,
        "min_child_weight": 20.0,
        "min_split_gain": 0.0,
        "random_state": 42
      },
      "dataset_name": "medium",
      "timeout_s": 5.0,
      "reduced_from_n_samples": 180000,
      "reduction_round": 5,
      "r2_spread_for_scenario": 0.028880874214164964,
      "r2_spread_tolerance": 0.03,
      "r2_spread_within_tolerance": true
    },
    {
      "model": "lightgbm_hist",
      "threads": 1,
      "effective_threads": 1,
      "n_samples": 12000,
      "n_features": 24,
      "fit_seconds": 0.40769491700007165,
      "predict_seconds": 0.02127941699995972,
      "total_seconds": 0.4416645000000017,
      "peak_rss_mb": 176.21875,
      "rmse": 48.7872923121708,
      "r2": 0.949369148367131,
      "fitted_trees": 220,
      "expected_trees": 220,
      "fitted_trees_match_expected": true,
      "total_nodes": 13386,
      "avg_nodes_per_tree": 60.845454545454544,
      "hyperparameters": {
        "loss": "squared_error",
        "n_estimators": 220,
        "learning_rate": 0.05,
        "max_depth": 6,
        "num_leaves": 31,
        "max_bin": 255,
        "subsample": 0.8,
        "l2_regularization": 1.0,
        "min_samples_leaf": 20,
        "min_child_weight": 20.0,
        "min_split_gain": 0.0,
        "random_state": 42
      },
      "dataset_name": "small",
      "timeout_s": 5.0,
      "reduced_from_n_samples": 12000,
      "reduction_round": 0,
      "r2_spread_for_scenario": 0.007454461182746508,
      "r2_spread_tolerance": 0.03,
      "r2_spread_within_tolerance": true
    },
    {
      "model": "sklearn_hgb_fixed",
      "threads": 1,
      "effective_threads": 1,
      "n_samples": 12000,
      "n_features": 24,
      "fit_seconds": 0.5970060829999966,
      "predict_seconds": 0.018982083999958377,
      "total_seconds": 0.6414318330000697,
      "peak_rss_mb": 177.421875,
      "rmse": 52.08253413992273,
      "r2": 0.9422986444576649,
      "fitted_trees": 220,
      "expected_trees": 220,
      "fitted_trees_match_expected": true,
      "total_nodes": 13414,
      "avg_nodes_per_tree": 60.972727272727276,
      "hyperparameters": {
        "loss": "squared_error",