{
  "ranked_models": [
    {
      "model": "lightgbm_hist",
      "median_total_s": 0.8702585839999983,
      "mean_total_s": 0.9583650990000052,
      "median_fit_s": 0.8393970829999944,
      "geo_mean_total_s": 0.8772903827803613,
      "mean_peak_rss_mb": 179.63671875,
      "mean_r2": 0.7514363037264347,
      "max_r2_spread_for_matched_scenario": 0.06211259752564635
    },
    {
      "model": "sklearn_hgb_fixed",
      "median_total_s": 1.041542166499994,
      "mean_total_s": 1.1197613904999884,
      "median_fit_s": 1.00841031249999,
      "geo_mean_total_s": 1.0064413507602619,
      "mean_peak_rss_mb": 183.201171875,
      "mean_r2": 0.7207338341940823,
      "max_r2_spread_for_matched_scenario": 0.06211259752564635
    },
    {
      "model": "sklearn_hgb",
      "median_total_s": 1.3990775000000042,
      "mean_total_s": 1.7234131302500018,
      "median_fit_s": 1.3442734795000035,
      "geo_mean_total_s": 1.3353077101717463,
      "mean_peak_rss_mb": 182.080078125,
      "mean_r2": 0.7207338341940823,
      "max_r2_spread_for_matched_scenario": 0.06211259752564635
    },
    {
      "model": "xgboost_hist",
      "median_total_s": 1.5330698125000026,
      "mean_total_s": 1.4482198231249939,
      "median_fit_s": 1.507242520999995,
      "geo_mean_total_s": 1.3350305454830347,
      "mean_peak_rss_mb": 191.001953125,
      "mean_r2": 0.7555173635482788,
      "max_r2_spread_for_matched_scenario": 0.06211259752564635
    }
  ],
  "single_thread_runs": [
    {
      "model": "lightgbm_hist",
      "threads": 1,
      "effective_threads": 1,
      "n_samples": 1087,
      "n_features": 120,
      "fit_seconds": 0.648142708000023,
      "predict_seconds": 0.003179999999986194,
      "total_seconds": 0.6523053330000153,
      "peak_rss_mb": 181.734375,
      "rmse": 357.96316548447476,
      "r2": 0.5535034590857383,
      "fitted_trees": 220,
      "expected_trees": 220,
      "fitted_trees_match_expected": true,
      "total_nodes": 8646,
      "avg_nodes_per_tree": 39.3,
      "hyperparameters": {
        "loss": "squared_error",
        "n_estimators": 220,
        "learning_rate": 0.05,
        "max_depth": 6,
        "num_leaves": 31,
        "max_bin": 255,
        "subsample": 0.8,
        "l2_regularization": 1.0,
        "min_samples_leaf": 20,
        "min_child_weight": 20.0,
        "min_split_gain": 0.0,
        "random_state": 42
      },
      "dataset_name": "medium",
      "timeout_s": 5.0,
      "reduced_from_n_samples": 180000,
      "reduction_round": 10,
      "r2_spread_for_scenario": 0.06211259752564635,
      "r2_spread_tolerance": 0.03,
      "r2_spread_within_tolerance": false
    },
    {
      "model": "sklearn_hgb_fixed",
      "threads": 1,
      "effective_threads": 1,
      "n_samples": 1087,
      "n_features": 120,
      "fit_seconds": 0.9392756249999934,
      "predict_seconds": 0.003185125000015887,
      "total_seconds": 0.9797274160000029,
      "peak_rss_mb": 189.578125,
      "rmse": 379.11841629629504,
      "r2": 0.4991690239304999,
      "fitted_trees": 220,
      "expected_trees": 220,
      "fitted_trees_match_expected": true,
      "total_nodes": 9918,
      "avg_nodes_per_tree": 45.08181818181818,
      "hyperparameters": {
        "loss": "squared_error",
        "n_estimators": 220,
        "learning_rate": 0.05,
        "max_depth": 6,
        "num_leaves": 31,
        "max_bin": 255,
        "subsample": 0.8,
        "l2_regularization": 1.0,
        "min_samples_leaf": 20,
        "min_child_weight": 20.0,
        "min_split_gain": 0.0,
        "random_state": 42
      },
      "dataset_name": "medium",
      "timeout_s": 5.0,
      "reduced_from_n_samples": 180000,
      "reduction_round": 10,
      "r2_spread_for_scenario": 0.06211259752564635,
      "r2_spread_tolerance": 0.03,
      "r2_spread_within_tolerance": false
    },
    {
      "model": "sklearn_hgb",
      "threads": 1,
      "effective_threads": 1,
      "n_samples": 1087,
      "n_features": 120,
      "fit_seconds": 1.0606641670000272,
      "predict_seconds": 0.004393916999958947,
      "total_seconds": 1.097530833999997,
      "peak_rss_mb": 188.5,
      "rmse": 379.11841629629504,
      "r2": 0.4991690239304999,
      "fitted_trees": 220,
      "expected_trees": 220,
      "fitted_trees_match_expected": true,
      "total_nodes": 9918,
      "avg_nodes_per_tree": 45.08181818181818,
      "hyperparameters": {
        "loss": "squared_error",
        "n_estimators": 220,
        "learning_rate": 0.05,
        "max_depth": 6,
        "num_leaves": 31,
        "max_bin": 255,
        "subsample": 0.8,
        "l2_regularization": 1.0,
        "min_samples_leaf": 20,
        "min_child_weight": 20.0,
        "min_split_gain": 0.0,
        "random_state": 42
      },
      "dataset_name": "medium",
      "timeout_s": 5.0,
      "reduced_from_n_samples": 180000,
      "reduction_round": 10,
      "r2_spread_for_scenario": 0.06211259752564635,
      "r2_spread_tolerance": 0.03,
      "r2_spread_within_tolerance": false
    },
    {
      "model": "xgboost_hist",
      "threads": 1,
      "effective_threads": 1,
      "n_samples": 1087,
      "n_features": 120,
      "fit_seconds": 1.2587005419999855,
      "predict_seconds": 0.0010795420000135891,
      "total_seconds": 1.2673580000000015,
      "peak_rss_mb": 200.953125,
      "rmse": 354.831529126852,
      "r2": 0.5612816214561462,
      "fitted_trees": 220,
      "expected_trees": 220,
      "fitted_trees_match_expected": true,
      "total_nodes": 8630,
      "avg_nodes_per_tree": 39.22727272727273,
      "hyperparameters": {
        "loss": "squared_error",
        "n_estimators": 220,
        "learning_rate": 0.05,
        "max_depth": 6,
        "num_leaves": 31,
        "max_bin": 255,
        "subsample": 0.8,
        "l2_regularization": 1.0,
        "min_samples_leaf": 20,
        "min_child_weight": 20.0,
        "min_split_gain": 0.0,
        "random_state": 42
      },
      "dataset_name": "medium",
      "timeout_s": 5.0,
      "reduced_from_n_samples": 180000,
      "reduction_round": 10,
      "r2_spread_for_scenario": 0.06211259752564635,
      "r2_spread_tolerance": 0.03,
      "r2_spread_within_tolerance": false
    },
    {
      "model": "lightgbm_hist",
      "threads": 1,
      "effective_threads": 1,
      "n_samples": 12000,
      "n_features": 24,
      "fit_seconds": 0.44606812499995385,
      "predict_seconds": 0.021644833000038943,
      "total_seconds": 0.4776788750000378,
      "peak_rss_mb": 177.5625,
      "rmse": 48.7872923121708,
      "r2": 0.949369148367131,
      "fitted_trees": 220,
      "expected_trees": 220,
      "fitted_trees_match_expected": true,
      "total_nodes": 13386,
      "avg_nodes_per_tree": 60.845454545454544,
      "hyperparameters": {
        "loss": "squared_error",
        "n_estimators": 220,
        "learning_rate": 0.05,
        "max_depth": 6,
        "num_leaves": 31,
        "max_bin": 255,
        "subsample": 0.8,
        "l2_regularization": 1.0,
        "min_samples_leaf": 20,
        "min_child_weight": 20.0,
        "min_split_gain": 0.0,
        "random_state": 42
      },
      "dataset_name": "small",
      "timeout_s": 5.0,
      "reduced_from_n_samples": 12000,
      "reduction_round": 0,
      "r2_spread_for_scenario": 0.007454461182746508,
      "r2_spread_tolerance": 0.03,
      "r2_spread_within_tolerance": true
    },
    {
      "model": "sklearn_hgb_fixed",
      "threads": 1,
      "effective_threads": 1,
      "n_samples": 12000,
      "n_features": 24,
      "fit_seconds": 0.5726226250000082,
      "predict_seconds": 0.017877499999997326,
      "total_seconds": 0.6110443329999953,
      "peak_rss_mb": 178.15625,
      "rmse": 52.08253413992273,
      "r2": 0.9422986444576649,
      "fitted_trees": 220,
      "expected_trees": 220,
      "fitted_trees_match_expected": true,
      "total_nodes": 13414,
      "avg_nodes_per_tree": 60.972727272727276,