{
  "ranked_models": [
    {
      "model": "lightgbm_hist",
      "median_total_s": 0.6322481670000109,
      "mean_total_s": 0.8991616895000041,
      "median_fit_s": 0.610224111000008,
      "geo_mean_total_s": 0.7269811667955343,
      "mean_peak_rss_mb": 211.01953125,
      "mean_r2": 0.7680051529015439,
      "max_r2_spread_for_matched_scenario": 0.05675360041367128
    },
    {
      "model": "sklearn_hgb_fixed",
      "median_total_s": 0.6654184049999827,
      "mean_total_s": 0.6682587768749988,
      "median_fit_s": 0.644243726500001,
      "geo_mean_total_s": 0.6362996949163713,
      "mean_peak_rss_mb": 205.45703125,
      "mean_r2": 0.7360931007399751,
      "max_r2_spread_for_matched_scenario": 0.05675360041367128
    },
    {
      "model": "sklearn_hgb",
      "median_total_s": 0.7454698494999974,
      "mean_total_s": 1.4693572999999969,
      "median_fit_s": 0.7322683645000154,
      "geo_mean_total_s": 1.0222086109235984,
      "mean_peak_rss_mb": 205.72705078125,
      "mean_r2": 0.7360931007399751,
      "max_r2_spread_for_matched_scenario": 0.05675360041367128
    },
    {
      "model": "xgboost_hist",
      "median_total_s": 1.0639381484999966,
      "mean_total_s": 1.1090322921250024,
      "median_fit_s": 1.0541515075000198,
      "geo_mean_total_s": 0.9878940805322424,
      "mean_peak_rss_mb": 222.7431640625,
      "mean_r2": 0.7675439119338989,
      "max_r2_spread_for_matched_scenario": 0.05675360041367128
    }
  ],
  "single_thread_runs": [
    {
      "model": "sklearn_hgb_fixed",
      "threads": 1,
      "effective_threads": 1,
      "n_samples": 1813,
      "n_features": 120,
      "fit_seconds": 1.12445144900002,
      "predict_seconds": 0.005968678999977328,
      "total_seconds": 1.1362870680000015,
      "peak_rss_mb": 207.64453125,
      "rmse": 348.94213669349836,
      "r2": 0.5298875570222854,
      "fitted_trees": 220,
      "expected_trees": 220,
      "fitted_trees_match_expected": true,
      "total_nodes": 12398,
      "avg_nodes_per_tree": 56.35454545454545,
      "hyperparameters": {
        "loss": "squared_error",
        "n_estimators": 220,
        "learning_rate": 0.05,
        "max_depth": 6,
        "num_leaves": 31,
        "max_bin": 255,
        "subsample": 0.8,
        "l2_regularization": 1.0,
        "min_samples_leaf": 20,
        "min_child_weight": 20.0,
        "min_split_gain": 0.0,
        "random_state": 42
      },
      "dataset_name": "medium",
      "timeout_s": 5.0,
      "reduced_from_n_samples": 180000,
      "reduction_round": 9,
      "r2_spread_for_scenario": 0.05675360041367128,
      "r2_spread_tolerance": 0.03,
      "r2_spread_within_tolerance": false
    },
    {
      "model": "sklearn_hgb",
      "threads": 1,
      "effective_threads": 1,
      "n_samples": 1813,
      "n_features": 120,
      "fit_seconds": 1.1213374929999986,
      "predict_seconds": 0.005882401999997455,
      "total_seconds": 1.1371401379999782,
      "peak_rss_mb": 207.43359375,
      "rmse": 348.94213669349836,
      "r2": 0.5298875570222854,
      "fitted_trees": 220,
      "expected_trees": 220,
      "fitted_trees_match_expected": true,
      "total_nodes": 12398,
      "avg_nodes_per_tree": 56.35454545454545,
      "hyperparameters": {
        "loss": "squared_error",
        "n_estimators": 220,
        "learning_rate": 0.05,
        "max_depth": 6,
        "num_leaves": 31,
        "max_bin": 255,
        "subsample": 0.8,
        "l2_regularization": 1.0,
        "min_samples_leaf": 20,
        "min_child_weight": 20.0,
        "min_split_gain": 0.0,
        "random_state": 42
      },
      "dataset_name": "medium",
      "timeout_s": 5.0,
      "reduced_from_n_samples": 180000,
      "reduction_round": 9,
      "r2_spread_for_scenario": 0.05675360041367128,
      "r2_spread_tolerance": 0.03,
      "r2_spread_within_tolerance": false
    },
    {
      "model": "lightgbm_hist",
      "threads": 1,
      "effective_threads": 1,
      "n_samples": 1813,
      "n_features": 120,
      "fit_seconds": 1.2178109550000045,
      "predict_seconds": 0.00560249099999055,
      "total_seconds": 1.22554700500001,
      "peak_rss_mb": 216.1640625,
      "rmse": 327.2021578935282,
      "r2": 0.5866411574359567,
      "fitted_trees": 220,
      "expected_trees": 220,
      "fitted_trees_match_expected": true,
      "total_nodes": 11256,
      "avg_nodes_per_tree": 51.163636363636364,
      "hyperparameters": {
        "loss": "squared_error",
        "n_estimators": 220,
        "learning_rate": 0.05,
        "max_depth": 6,
        "num_leaves": 31,
        "max_bin": 255,
        "subsample": 0.8,
        "l2_regularization": 1.0,
        "min_samples_leaf": 20,
        "min_child_weight": 20.0,
        "min_split_gain": 0.0,
        "random_state": 42
      },
      "dataset_name": "medium",
      "timeout_s": 5.0,
      "reduced_from_n_samples": 180000,
      "reduction_round": 9,
      "r2_spread_for_scenario": 0.05675360041367128,
      "r2_spread_tolerance": 0.03,
      "r2_spread_within_tolerance": false
    },
    {
      "model": "xgboost_hist",
      "threads": 1,
      "effective_threads": 1,
      "n_samples": 1813,
      "n_features": 120,
      "fit_seconds": 2.1676792079999814,
      "predict_seconds": 0.0017111870000121598,
      "total_seconds": 2.178817643000002,
      "peak_rss_mb": 229.25390625,
      "rmse": 327.71882002716904,
      "r2": 0.5853347182273865,
      "fitted_trees": 220,
      "expected_trees": 220,
      "fitted_trees_match_expected": true,
      "total_nodes": 11618,
      "avg_nodes_per_tree": 52.80909090909091,
      "hyperparameters": {
        "loss": "squared_error",
        "n_estimators": 220,
        "learning_rate": 0.05,
        "max_depth": 6,
        "num_leaves": 31,
        "max_bin": 255,
        "subsample": 0.8,
        "l2_regularization": 1.0,
        "min_samples_leaf": 20,
        "min_child_weight": 20.0,
        "min_split_gain": 0.0,
        "random_state": 42
      },
      "dataset_name": "medium",
      "timeout_s": 5.0,
      "reduced_from_n_samples": 180000,
      "reduction_round": 9,
      "r2_spread_for_scenario": 0.05675360041367128,
      "r2_spread_tolerance": 0.03,
      "r2_spread_within_tolerance": false
    },
    {
      "model": "lightgbm_hist",
      "threads": 1,
      "effective_threads": 1,
      "n_samples": 12000,
      "n_features": 24,
      "fit_seconds": 0.5716547090000006,
      "predict_seconds": 0.028456380999998032,
      "total_seconds": 0.6074607010000008,
      "peak_rss_mb": 205.4921875,
      "rmse": 48.7872923121708,
      "r2": 0.949369148367131,
      "fitted_trees": 220,
      "expected_trees": 220,
      "fitted_trees_match_expected": true,
      "total_nodes": 13386,
      "avg_nodes_per_tree": 60.845454545454544,
      "hyperparameters": {
        "loss": "squared_error",
        "n_estimators": 220,
        "learning_rate": 0.05,
        "max_depth": 6,
        "num_leaves": 31,
        "max_bin": 255,
        "subsample": 0.8,
        "l2_regularization": 1.0,
        "min_samples_leaf": 20,
        "min_child_weight": 20.0,
        "min_split_gain": 0.0,
        "random_state": 42
      },
      "dataset_name": "small",
      "timeout_s": 5.0,
      "reduced_from_n_samples": 12000,
      "reduction_round": 0,
      "r2_spread_for_scenario": 0.007454461182746508,
      "r2_spread_tolerance": 0.03,
      "r2_spread_within_tolerance": true
    },
    {
      "model": "sklearn_hgb_fixed",
      "threads": 1,
      "effective_threads": 1,
      "n_samples": 12000,
      "n_features": 24,
      "fit_seconds": 0.5894670320000017,
      "predict_seconds": 0.02695521300000081,
      "total_seconds": 0.619454606000005,
      "peak_rss_mb": 201.58984375,
      "rmse": 52.08253413992273,
      "r2": 0.9422986444576649,
      "fitted_trees": 220,
      "expected_trees": 220,
      "fitted_trees_match_expected": true,
      "total_nodes": 13414,
      "avg_nodes_per_tree": 60.972727272727276,