{
  "ranked_models": [
    {
      "model": "lightgbm_hist",
      "median_total_s": 0.2899300294999989,
      "mean_total_s": 0.4758554161250075,
      "median_fit_s": 0.2802084435000154,
      "geo_mean_total_s": 0.3616772758079826,
      "mean_peak_rss_mb": 204.7392578125,
      "mean_r2": 0.6876877315698918,
      "max_r2_spread_for_matched_scenario": 0.07406285952198799
    },
    {
      "model": "sklearn_hgb_fixed",
      "median_total_s": 0.4576110154999924,
      "mean_total_s": 0.4825650143749911,
      "median_fit_s": 0.4483964909999827,
      "geo_mean_total_s": 0.45606702237143787,
      "mean_peak_rss_mb": 198.31298828125,
      "mean_r2": 0.6363654150982047,
      "max_r2_spread_for_matched_scenario": 0.07406285952198799
    },
    {
      "model": "sklearn_hgb",
      "median_total_s": 0.5786058455000216,
      "mean_total_s": 1.1037114891250042,
      "median_fit_s": 0.5689587395000046,
      "geo_mean_total_s": 0.7306569981247049,
      "mean_peak_rss_mb": 198.3515625,
      "mean_r2": 0.6363654150982047,
      "max_r2_spread_for_matched_scenario": 0.07406285952198799
    },
    {
      "model": "xgboost_hist",
      "median_total_s": 0.672669072000005,
      "mean_total_s": 0.7293104261250072,
      "median_fit_s": 0.6674665019999964,
      "geo_mean_total_s": 0.6280026993734642,
      "mean_peak_rss_mb": 211.43310546875,
      "mean_r2": 0.6780025660991669,
      "max_r2_spread_for_matched_scenario": 0.07406285952198799
    }
  ],
  "single_thread_runs": [
    {
      "model": "lightgbm_hist",
      "threads": 1,
      "effective_threads": 1,
      "n_samples": 652,
      "n_features": 120,
      "fit_seconds": 0.573856496000019,
      "predict_seconds": 0.0029228909999687858,
      "total_seconds": 0.57915241500001,
      "peak_rss_mb": 208.40625,
      "rmse": 379.98822537275555,
      "r2": 0.5085645465506625,
      "fitted_trees": 220,
      "expected_trees": 220,
      "fitted_trees_match_expected": true,
      "total_nodes": 6114,
      "avg_nodes_per_tree": 27.79090909090909,
      "hyperparameters": {
        "loss": "squared_error",
        "n_estimators": 220,
        "learning_rate": 0.05,
        "max_depth": 6,
        "num_leaves": 31,
        "max_bin": 255,
        "subsample": 0.8,
        "l2_regularization": 1.0,
        "min_samples_leaf": 20,
        "min_child_weight": 20.0,
        "min_split_gain": 0.0,
        "random_state": 42
      },
      "dataset_name": "medium",
      "timeout_s": 5.0,
      "reduced_from_n_samples": 180000,
      "reduction_round": 11,
      "r2_spread_for_scenario": 0.07406285952198799,
      "r2_spread_tolerance": 0.03,
      "r2_spread_within_tolerance": false
    },
    {
      "model": "sklearn_hgb_fixed",
      "threads": 1,
      "effective_threads": 1,
      "n_samples": 652,
      "n_features": 120,
      "fit_seconds": 0.796676666000053,
      "predict_seconds": 0.0033817919999705737,
      "total_seconds": 0.8044507689999705,
      "peak_rss_mb": 199.6875,
      "rmse": 407.61724939280737,
      "r2": 0.43450168702867453,
      "fitted_trees": 220,
      "expected_trees": 220,
      "fitted_trees_match_expected": true,
      "total_nodes": 7040,
      "avg_nodes_per_tree": 32.0,
      "hyperparameters": {
        "loss": "squared_error",
        "n_estimators": 220,
        "learning_rate": 0.05,
        "max_depth": 6,
        "num_leaves": 31,
        "max_bin": 255,
        "subsample": 0.8,
        "l2_regularization": 1.0,
        "min_samples_leaf": 20,
        "min_child_weight": 20.0,
        "min_split_gain": 0.0,
        "random_state": 42
      },
      "dataset_name": "medium",
      "timeout_s": 5.0,
      "reduced_from_n_samples": 180000,
      "reduction_round": 11,
      "r2_spread_for_scenario": 0.07406285952198799,
      "r2_spread_tolerance": 0.03,
      "r2_spread_within_tolerance": false
    },
    {
      "model": "sklearn_hgb",
      "threads": 1,
      "effective_threads": 1,
      "n_samples": 652,
      "n_features": 120,
      "fit_seconds": 0.8002886400000193,
      "predict_seconds": 0.003405085999986568,
      "total_seconds": 0.8066113969999833,
      "peak_rss_mb": 199.66796875,
      "rmse": 407.61724939280737,
      "r2": 0.43450168702867453,
      "fitted_trees": 220,
      "expected_trees": 220,
      "fitted_trees_match_expected": true,
      "total_nodes": 7040,
      "avg_nodes_per_tree": 32.0,
      "hyperparameters": {
        "loss": "squared_error",
        "n_estimators": 220,
        "learning_rate": 0.05,
        "max_depth": 6,
        "num_leaves": 31,
        "max_bin": 255,
        "subsample": 0.8,
        "l2_regularization": 1.0,
        "min_samples_leaf": 20,
        "min_child_weight": 20.0,
        "min_split_gain": 0.0,
        "random_state": 42
      },
      "dataset_name": "medium",
      "timeout_s": 5.0,
      "reduced_from_n_samples": 180000,
      "reduction_round": 11,
      "r2_spread_for_scenario": 0.07406285952198799,
      "r2_spread_tolerance": 0.03,
      "r2_spread_within_tolerance": false
    },
    {
      "model": "xgboost_hist",
      "threads": 1,
      "effective_threads": 1,
      "n_samples": 652,
      "n_features": 120,
      "fit_seconds": 1.4414201260000254,
      "predict_seconds": 0.0014043279999782499,
      "total_seconds": 1.4497153369999864,
      "peak_rss_mb": 216.59375,
      "rmse": 392.20024381685437,
      "r2": 0.47646957635879517,
      "fitted_trees": 220,
      "expected_trees": 220,
      "fitted_trees_match_expected": true,
      "total_nodes": 6168,
      "avg_nodes_per_tree": 28.036363636363635,
      "hyperparameters": {
        "loss": "squared_error",
        "n_estimators": 220,
        "learning_rate": 0.05,
        "max_depth": 6,
        "num_leaves": 31,
        "max_bin": 255,
        "subsample": 0.8,
        "l2_regularization": 1.0,
        "min_samples_leaf": 20,
        "min_child_weight": 20.0,
        "min_split_gain": 0.0,
        "random_state": 42
      },
      "dataset_name": "medium",
      "timeout_s": 5.0,
      "reduced_from_n_samples": 180000,
      "reduction_round": 11,
      "r2_spread_for_scenario": 0.07406285952198799,
      "r2_spread_tolerance": 0.03,
      "r2_spread_within_tolerance": false
    },
    {
      "model": "lightgbm_hist",
      "threads": 1,
      "effective_threads": 1,
      "n_samples": 1555,
      "n_features": 24,
      "fit_seconds": 0.2503007139999909,
      "predict_seconds": 0.005441481000019621,
      "total_seconds": 0.2641834519999975,
      "peak_rss_mb": 202.09375,
      "rmse": 87.09909030038986,
      "r2": 0.8668109165891211,
      "fitted_trees": 220,
      "expected_trees": 220,
      "fitted_trees_match_expected": true,
      "total_nodes": 8348,
      "avg_nodes_per_tree": 37.945454545454545,
      "hyperparameters": {
        "loss": "squared_error",
        "n_estimators": 220,
        "learning_rate": 0.05,
        "max_depth": 6,
        "num_leaves": 31,
        "max_bin": 255,
        "subsample": 0.8,
        "l2_regularization": 1.0,
        "min_samples_leaf": 20,
        "min_child_weight": 20.0,
        "min_split_gain": 0.0,
        "random_state": 42
      },
      "dataset_name": "small",
      "timeout_s": 5.0,
      "reduced_from_n_samples": 12000,
      "reduction_round": 4,
      "r2_spread_for_scenario": 0.041306412671803794,
      "r2_spread_tolerance": 0.03,
      "r2_spread_within_tolerance": false
    },
    {
      "model": "sklearn_hgb",
      "threads": 1,
      "effective_threads": 1,
      "n_samples": 1555,
      "n_features": 24,
      "fit_seconds": 0.3325103279999837,
      "predict_seconds": 0.005298053000018399,
      "total_seconds": 0.3474708029999931,
      "peak_rss_mb": 195.78515625,
      "rmse": 95.99076368962676,
      "r2": 0.8382291431677348,
      "fitted_trees": 220,
      "expected_trees": 220,
      "fitted_trees_match_expected": true,
      "total_nodes": 9210,
      "avg_nodes_per_tree": 41.86363636363637,