{
  "ranked_models": [
    {
      "model": "sklearn_hgb_fixed",
      "median_total_s": 1.9231251119999797,
      "mean_total_s": 2.1123837361111018,
      "median_fit_s": 1.8976269400000092,
      "geo_mean_total_s": 1.98959165839526,
      "mean_peak_rss_mb": 222.23611111111111,
      "mean_r2": 0.762274181689544,
      "max_r2_spread_for_matched_scenario": 0.02231862294031406
    },
    {
      "model": "sklearn_hgb",
      "median_total_s": 1.944016755000007,
      "mean_total_s": 2.127493314222237,
      "median_fit_s": 1.9150620830000094,
      "geo_mean_total_s": 2.003235236978827,
      "mean_peak_rss_mb": 222.23958333333334,
      "mean_r2": 0.762274181689544,
      "max_r2_spread_for_matched_scenario": 0.02231862294031406
    },
    {
      "model": "lightgbm_hist",
      "median_total_s": 1.9974385419999976,
      "mean_total_s": 2.254082930555553,
      "median_fit_s": 1.936993244000007,
      "geo_mean_total_s": 2.057077830043066,
      "mean_peak_rss_mb": 224.37369791666666,
      "mean_r2": 0.7769877167614543,
      "max_r2_spread_for_matched_scenario": 0.02231862294031406
    },
    {
      "model": "xgboost_hist",
      "median_total_s": 2.917190989000005,
      "mean_total_s": 3.3862176524444454,
      "median_fit_s": 2.900885641000002,
      "geo_mean_total_s": 3.1185810496098614,
      "mean_peak_rss_mb": 247.88975694444446,
      "mean_r2": 0.7750898996988932,
      "max_r2_spread_for_matched_scenario": 0.02231862294031406
    }
  ],
  "single_thread_runs": [
    {
      "model": "sklearn_hgb",
      "threads": 1,
      "effective_threads": 1,
      "n_samples": 20000,
      "n_features": 120,
      "fit_seconds": 3.5350771760000157,
      "predict_seconds": 0.06066324400001122,
      "total_seconds": 3.6027799540000274,
      "peak_rss_mb": 224.4296875,
      "rmse": 353.3112949075091,
      "r2": 0.6532318957234493,
      "fitted_trees": 220,
      "expected_trees": 220,
      "fitted_trees_match_expected": true,
      "hyperparameters": {
        "loss": "squared_error",
        "n_estimators": 220,
        "learning_rate": 0.05,
        "max_depth": 6,
        "num_leaves": 31,
        "max_bin": 255,
        "subsample": 0.8,
        "l2_regularization": 1.0,
        "min_samples_leaf": 20,
        "min_child_weight": 20.0,
        "min_split_gain": 0.0,
        "random_state": 42
      },
      "dataset_name": "large",
      "timeout_s": 8.0,
      "reduced_from_n_samples": 320000,
      "reduction_round": 4,
      "r2_spread_for_scenario": 0.02231862294031406,
      "r2_spread_tolerance": 0.03,
      "r2_spread_within_tolerance": true
    },
    {
      "model": "sklearn_hgb_fixed",
      "threads": 1,
      "effective_threads": 1,
      "n_samples": 20000,
      "n_features": 120,
      "fit_seconds": 3.5606326000000195,
      "predict_seconds": 0.060730548999970324,
      "total_seconds": 3.631097522999994,
      "peak_rss_mb": 223.921875,
      "rmse": 353.3112949075091,
      "r2": 0.6532318957234493,
      "fitted_trees": 220,
      "expected_trees": 220,
      "fitted_trees_match_expected": true,
      "hyperparameters": {
        "loss": "squared_error",
        "n_estimators": 220,
        "learning_rate": 0.05,
        "max_depth": 6,
        "num_leaves": 31,
        "max_bin": 255,
        "subsample": 0.8,
        "l2_regularization": 1.0,
        "min_samples_leaf": 20,
        "min_child_weight": 20.0,
        "min_split_gain": 0.0,
        "random_state": 42
      },
      "dataset_name": "large",
      "timeout_s": 8.0,
      "reduced_from_n_samples": 320000,
      "reduction_round": 4,
      "r2_spread_for_scenario": 0.02231862294031406,
      "r2_spread_tolerance": 0.03,
      "r2_spread_within_tolerance": true
    },
    {
      "model": "lightgbm_hist",
      "threads": 1,
      "effective_threads": 1,
      "n_samples": 20000,
      "n_features": 120,
      "fit_seconds": 4.102091126999994,
      "predict_seconds": 0.06346310899999708,
      "total_seconds": 4.174591351999993,
      "peak_rss_mb": 217.0859375,
      "rmse": 341.7523357474042,
      "r2": 0.6755505186637634,
      "fitted_trees": 220,
      "expected_trees": 220,
      "fitted_trees_match_expected": true,
      "hyperparameters": {
        "loss": "squared_error",
        "n_estimators": 220,
        "learning_rate": 0.05,
        "max_depth": 6,
        "num_leaves": 31,
        "max_bin": 255,
        "subsample": 0.8,
        "l2_regularization": 1.0,
        "min_samples_leaf": 20,
        "min_child_weight": 20.0,
        "min_split_gain": 0.0,
        "random_state": 42
      },
      "dataset_name": "large",
      "timeout_s": 8.0,
      "reduced_from_n_samples": 320000,
      "reduction_round": 4,
      "r2_spread_for_scenario": 0.02231862294031406,
      "r2_spread_tolerance": 0.03,
      "r2_spread_within_tolerance": true
    },
    {
      "model": "xgboost_hist",
      "threads": 1,
      "effective_threads": 1,
      "n_samples": 20000,
      "n_features": 120,
      "fit_seconds": 6.112910776000035,
      "predict_seconds": 0.013015357999961452,
      "total_seconds": 6.130234309999992,
      "peak_rss_mb": 237.07421875,
      "rmse": 343.47810838174246,
      "r2": 0.6722654104232788,
      "fitted_trees": 220,
      "expected_trees": 220,
      "fitted_trees_match_expected": true,
      "hyperparameters": {
        "loss": "squared_error",
        "n_estimators": 220,
        "learning_rate": 0.05,
        "max_depth": 6,
        "num_leaves": 31,
        "max_bin": 255,
        "subsample": 0.8,
        "l2_regularization": 1.0,
        "min_samples_leaf": 20,
        "min_child_weight": 20.0,
        "min_split_gain": 0.0,
        "random_state": 42
      },
      "dataset_name": "large",
      "timeout_s": 8.0,
      "reduced_from_n_samples": 320000,
      "reduction_round": 4,
      "r2_spread_for_scenario": 0.02231862294031406,
      "r2_spread_tolerance": 0.03,
      "r2_spread_within_tolerance": true
    },
    {
      "model": "sklearn_hgb_fixed",
      "threads": 1,
      "effective_threads": 1,
      "n_samples": 35000,
      "n_features": 80,
      "fit_seconds": 3.097196204999989,
      "predict_seconds": 0.08784407899997859,
      "total_seconds": 3.1884677379999857,
      "peak_rss_mb": 226.47265625,
      "rmse": 231.70908479744668,
      "r2": 0.7459711250959445,
      "fitted_trees": 220,
      "expected_trees": 220,
      "fitted_trees_match_expected": true,
      "hyperparameters": {
        "loss": "squared_error",
        "n_estimators": 220,
        "learning_rate": 0.05,
        "max_depth": 6,
        "num_leaves": 31,
        "max_bin": 255,
        "subsample": 0.8,
        "l2_regularization": 1.0,
        "min_samples_leaf": 20,
        "min_child_weight": 20.0,
        "min_split_gain": 0.0,
        "random_state": 42
      },
      "dataset_name": "medium",
      "timeout_s": 8.0,
      "reduced_from_n_samples": 140000,
      "reduction_round": 2,
      "r2_spread_for_scenario": 0.016363304846538917,
      "r2_spread_tolerance": 0.03,
      "r2_spread_within_tolerance": true
    },
    {
      "model": "sklearn_hgb",
      "threads": 1,
      "effective_threads": 1,
      "n_samples": 35000,
      "n_features": 80,
      "fit_seconds": 3.1091484960000457,
      "predict_seconds": 0.08746098000000302,
      "total_seconds": 3.2001327190000097,
      "peak_rss_mb": 225.9609375,
      "rmse": 231.70908479744668,
      "r2": 0.7459711250959445,
      "fitted_trees": 220,
      "expected_trees": 220,
      "fitted_trees_match_expected": true,
      "hyperparameters": {
        "loss": "squared_error",
        "n_estimators": 220,
        "learning_rate": 0.05,
        "max_depth": 6,
        "num_leaves": 31,
        "max_bin": 255,
        "subsample": 0.8,
        "l2_regularization": 1.0,
        "min_samples_leaf": 20,
        "min_child_weight": 20.0,
        "min_split_gain": 0.0,
        "random_state": 42
      },
      "dataset_name": "medium",
      "timeout_s": 8.0,