{
  "ranked_models": [
    {
      "model": "sklearn_hgb",
      "median_total_s": 1.8437239550000015,
      "mean_total_s": 2.087122530000001,
      "median_fit_s": 1.8180431400000145,
      "geo_mean_total_s": 1.9655778825457295,
      "mean_peak_rss_mb": 222.32769097222223,
      "mean_r2": 0.762274181689544,
      "max_r2_spread_for_matched_scenario": 0.02231862294031406
    },
    {
      "model": "sklearn_hgb_fixed",
      "median_total_s": 1.8509016380000105,
      "mean_total_s": 2.083267091999999,
      "median_fit_s": 1.8087782629999936,
      "geo_mean_total_s": 1.959942388008129,
      "mean_peak_rss_mb": 222.30164930555554,
      "mean_r2": 0.762274181689544,
      "max_r2_spread_for_matched_scenario": 0.02231862294031406
    },
    {
      "model": "lightgbm_hist",
      "median_total_s": 1.9793382839999936,
      "mean_total_s": 2.225987856111109,
      "median_fit_s": 1.9236879999999985,
      "geo_mean_total_s": 2.0329759456784653,
      "mean_peak_rss_mb": 224.43315972222223,
      "mean_r2": 0.7769877167614543,
      "max_r2_spread_for_matched_scenario": 0.02231862294031406
    },
    {
      "model": "xgboost_hist",
      "median_total_s": 2.8891829700000002,
      "mean_total_s": 3.3431201113333353,
      "median_fit_s": 2.8559856990000014,
      "geo_mean_total_s": 3.0851718081268173,
      "mean_peak_rss_mb": 248.27994791666666,
      "mean_r2": 0.7750898996988932,
      "max_r2_spread_for_matched_scenario": 0.02231862294031406
    }
  ],
  "single_thread_runs": [
    {
      "model": "sklearn_hgb_fixed",
      "threads": 1,
      "effective_threads": 1,
      "n_samples": 20000,
      "n_features": 120,
      "fit_seconds": 3.492562577000001,
      "predict_seconds": 0.05959785599998213,
      "total_seconds": 3.5537200200000143,
      "peak_rss_mb": 224.390625,
      "rmse": 353.3112949075091,
      "r2": 0.6532318957234493,
      "fitted_trees": 220,
      "expected_trees": 220,
      "fitted_trees_match_expected": true,
      "hyperparameters": {
        "loss": "squared_error",
        "n_estimators": 220,
        "learning_rate": 0.05,
        "max_depth": 6,
        "num_leaves": 31,
        "max_bin": 255,
        "subsample": 0.8,
        "l2_regularization": 1.0,
        "min_samples_leaf": 20,
        "min_child_weight": 20.0,
        "min_split_gain": 0.0,
        "random_state": 42
      },
      "dataset_name": "large",
      "timeout_s": 8.0,
      "reduced_from_n_samples": 320000,
      "reduction_round": 4,
      "r2_spread_for_scenario": 0.02231862294031406,
      "r2_spread_tolerance": 0.03,
      "r2_spread_within_tolerance": true
    },
    {
      "model": "sklearn_hgb",
      "threads": 1,
      "effective_threads": 1,
      "n_samples": 20000,
      "n_features": 120,
      "fit_seconds": 3.4898473619999777,
      "predict_seconds": 0.060339686000020265,
      "total_seconds": 3.5539145200000064,
      "peak_rss_mb": 224.484375,
      "rmse": 353.3112949075091,
      "r2": 0.6532318957234493,
      "fitted_trees": 220,
      "expected_trees": 220,
      "fitted_trees_match_expected": true,
      "hyperparameters": {
        "loss": "squared_error",
        "n_estimators": 220,
        "learning_rate": 0.05,
        "max_depth": 6,
        "num_leaves": 31,
        "max_bin": 255,
        "subsample": 0.8,
        "l2_regularization": 1.0,
        "min_samples_leaf": 20,
        "min_child_weight": 20.0,
        "min_split_gain": 0.0,
        "random_state": 42
      },
      "dataset_name": "large",
      "timeout_s": 8.0,
      "reduced_from_n_samples": 320000,
      "reduction_round": 4,
      "r2_spread_for_scenario": 0.02231862294031406,
      "r2_spread_tolerance": 0.03,
      "r2_spread_within_tolerance": true
    },
    {
      "model": "lightgbm_hist",
      "threads": 1,
      "effective_threads": 1,
      "n_samples": 20000,
      "n_features": 120,
      "fit_seconds": 4.024057951000003,
      "predict_seconds": 0.06171026900000243,
      "total_seconds": 4.094295708999994,
      "peak_rss_mb": 217.140625,
      "rmse": 341.7523357474042,
      "r2": 0.6755505186637634,
      "fitted_trees": 220,
      "expected_trees": 220,
      "fitted_trees_match_expected": true,
      "hyperparameters": {
        "loss": "squared_error",
        "n_estimators": 220,
        "learning_rate": 0.05,
        "max_depth": 6,
        "num_leaves": 31,
        "max_bin": 255,
        "subsample": 0.8,
        "l2_regularization": 1.0,
        "min_samples_leaf": 20,
        "min_child_weight": 20.0,
        "min_split_gain": 0.0,
        "random_state": 42
      },
      "dataset_name": "large",
      "timeout_s": 8.0,
      "reduced_from_n_samples": 320000,
      "reduction_round": 4,
      "r2_spread_for_scenario": 0.02231862294031406,
      "r2_spread_tolerance": 0.03,
      "r2_spread_within_tolerance": true
    },
    {
      "model": "xgboost_hist",
      "threads": 1,
      "effective_threads": 1,
      "n_samples": 20000,
      "n_features": 120,
      "fit_seconds": 6.051152184000017,
      "predict_seconds": 0.012762289999983523,
      "total_seconds": 6.065995877000006,
      "peak_rss_mb": 237.015625,
      "rmse": 343.47810838174246,
      "r2": 0.6722654104232788,
      "fitted_trees": 220,
      "expected_trees": 220,
      "fitted_trees_match_expected": true,
      "hyperparameters": {
        "loss": "squared_error",
        "n_estimators": 220,
        "learning_rate": 0.05,
        "max_depth": 6,
        "num_leaves": 31,
        "max_bin": 255,
        "subsample": 0.8,
        "l2_regularization": 1.0,
        "min_samples_leaf": 20,
        "min_child_weight": 20.0,
        "min_split_gain": 0.0,
        "random_state": 42
      },
      "dataset_name": "large",
      "timeout_s": 8.0,
      "reduced_from_n_samples": 320000,
      "reduction_round": 4,
      "r2_spread_for_scenario": 0.02231862294031406,
      "r2_spread_tolerance": 0.03,
      "r2_spread_within_tolerance": true
    },
    {
      "model": "sklearn_hgb",
      "threads": 1,
      "effective_threads": 1,
      "n_samples": 35000,
      "n_features": 80,
      "fit_seconds": 3.0855754849999926,
      "predict_seconds": 0.08649669500000812,
      "total_seconds": 3.1765248580000076,
      "peak_rss_mb": 226.375,
      "rmse": 231.70908479744668,
      "r2": 0.7459711250959445,
      "fitted_trees": 220,
      "expected_trees": 220,
      "fitted_trees_match_expected": true,
      "hyperparameters": {
        "loss": "squared_error",
        "n_estimators": 220,
        "learning_rate": 0.05,
        "max_depth": 6,
        "num_leaves": 31,
        "max_bin": 255,
        "subsample": 0.8,
        "l2_regularization": 1.0,
        "min_samples_leaf": 20,
        "min_child_weight": 20.0,
        "min_split_gain": 0.0,
        "random_state": 42
      },
      "dataset_name": "medium",
      "timeout_s": 8.0,
      "reduced_from_n_samples": 140000,
      "reduction_round": 2,
      "r2_spread_for_scenario": 0.016363304846538917,
      "r2_spread_tolerance": 0.03,
      "r2_spread_within_tolerance": true
    },
    {
      "model": "sklearn_hgb_fixed",
      "threads": 1,
      "effective_threads": 1,
      "n_samples": 35000,
      "n_features": 80,
      "fit_seconds": 3.1054093520000094,
      "predict_seconds": 0.08678171299999349,
      "total_seconds": 3.1973117519999903,
      "peak_rss_mb": 226.53515625,
      "rmse": 231.70908479744668,
      "r2": 0.7459711250959445,
      "fitted_trees": 220,
      "expected_trees": 220,
      "fitted_trees_match_expected": true,
      "hyperparameters": {
        "loss": "squared_error",
        "n_estimators": 220,
        "learning_rate": 0.05,
        "max_depth": 6,
        "num_leaves": 31,
        "max_bin": 255,
        "subsample": 0.8,
        "l2_regularization": 1.0,
        "min_samples_leaf": 20,
        "min_child_weight": 20.0,
        "min_split_gain": 0.0,
        "random_state": 42
      },
      "dataset_name": "medium",
      "timeout_s": 8.0,