{
  "ranked_models": [
    {
      "model": "lightgbm_hist",
      "median_total_s": 1.6172019809999938,
      "mean_total_s": 1.7011979228750036,
      "median_fit_s": 0.267302975799997,
      "geo_mean_total_s": 1.687154182973763,
      "mean_peak_rss_mb": 207.02099609375,
      "mean_r2": 0.6876877315698918,
      "max_r2_spread_for_matched_scenario": 0.07406285952198799
    },
    {
      "model": "sklearn_hgb_fixed",
      "median_total_s": 1.696273976499981,
      "mean_total_s": 1.7260253556249872,
      "median_fit_s": 0.43059801962500543,
      "geo_mean_total_s": 1.7199771466783098,
      "mean_peak_rss_mb": 198.9453125,
      "mean_r2": 0.6363654150982047,
      "max_r2_spread_for_matched_scenario": 0.07406285952198799
    },
    {
      "model": "sklearn_hgb",
      "median_total_s": 1.7711573724999852,
      "mean_total_s": 2.0958978280000125,
      "median_fit_s": 0.5454394557499995,
      "geo_mean_total_s": 2.008528527009352,
      "mean_peak_rss_mb": 198.69921875,
      "mean_r2": 0.6363654150982047,
      "max_r2_spread_for_matched_scenario": 0.07406285952198799
    },
    {
      "model": "xgboost_hist",
      "median_total_s": 1.8261121695000355,
      "mean_total_s": 1.9305408514999982,
      "median_fit_s": 0.6366971362499972,
      "geo_mean_total_s": 1.9086802872193096,
      "mean_peak_rss_mb": 214.16650390625,
      "mean_r2": 0.6780025660991669,
      "max_r2_spread_for_matched_scenario": 0.07406285952198799
    }
  ],
  "single_thread_runs": [
    {
      "model": "lightgbm_hist",
      "threads": 1,
      "effective_threads": 1,
      "n_samples": 652,
      "n_features": 120,
      "fit_seconds": 0.5494692715000156,
      "predict_seconds": 0.002137649294871738,
      "total_seconds": 1.6048830579999844,
      "peak_rss_mb": 210.30078125,
      "rmse": 379.98822537275555,
      "r2": 0.5085645465506625,
      "fitted_trees": 220,
      "expected_trees": 220,
      "fitted_trees_match_expected": true,
      "total_nodes": 6114,
      "avg_nodes_per_tree": 27.79090909090909,
      "hyperparameters": {
        "loss": "squared_error",
        "n_estimators": 220,
        "learning_rate": 0.05,
        "max_depth": 6,
        "num_leaves": 31,
        "max_bin": 255,
        "subsample": 0.8,
        "l2_regularization": 1.0,
        "min_samples_leaf": 20,
        "min_child_weight": 20.0,
        "min_split_gain": 0.0,
        "random_state": 42
      },
      "dataset_name": "medium",
      "timeout_s": 5.0,
      "reduced_from_n_samples": 180000,
      "reduction_round": 11,
      "r2_spread_for_scenario": 0.07406285952198799,
      "r2_spread_tolerance": 0.03,
      "r2_spread_within_tolerance": false
    },
    {
      "model": "xgboost_hist",
      "threads": 1,
      "effective_threads": 1,
      "n_samples": 652,
      "n_features": 120,
      "fit_seconds": 1.3810417599999596,
      "predict_seconds": 0.0007058530535966495,
      "total_seconds": 1.8820477910000477,
      "peak_rss_mb": 216.18359375,
      "rmse": 392.20024381685437,
      "r2": 0.47646957635879517,
      "fitted_trees": 220,
      "expected_trees": 220,
      "fitted_trees_match_expected": true,
      "total_nodes": 6168,
      "avg_nodes_per_tree": 28.036363636363635,
      "hyperparameters": {
        "loss": "squared_error",
        "n_estimators": 220,
        "learning_rate": 0.05,
        "max_depth": 6,
        "num_leaves": 31,
        "max_bin": 255,
        "subsample": 0.8,
        "l2_regularization": 1.0,
        "min_samples_leaf": 20,
        "min_child_weight": 20.0,
        "min_split_gain": 0.0,
        "random_state": 42
      },
      "dataset_name": "medium",
      "timeout_s": 5.0,
      "reduced_from_n_samples": 180000,
      "reduction_round": 11,
      "r2_spread_for_scenario": 0.07406285952198799,
      "r2_spread_tolerance": 0.03,
      "r2_spread_within_tolerance": false
    },
    {
      "model": "sklearn_hgb",
      "threads": 1,
      "effective_threads": 1,
      "n_samples": 652,
      "n_features": 120,
      "fit_seconds": 0.7673789640000166,
      "predict_seconds": 0.0030692200613495592,
      "total_seconds": 2.0356130030000372,
      "peak_rss_mb": 199.7421875,
      "rmse": 407.61724939280737,
      "r2": 0.43450168702867453,
      "fitted_trees": 220,
      "expected_trees": 220,
      "fitted_trees_match_expected": true,
      "total_nodes": 7040,
      "avg_nodes_per_tree": 32.0,
      "hyperparameters": {
        "loss": "squared_error",
        "n_estimators": 220,
        "learning_rate": 0.05,
        "max_depth": 6,
        "num_leaves": 31,
        "max_bin": 255,
        "subsample": 0.8,
        "l2_regularization": 1.0,
        "min_samples_leaf": 20,
        "min_child_weight": 20.0,
        "min_split_gain": 0.0,
        "random_state": 42
      },
      "dataset_name": "medium",
      "timeout_s": 5.0,
      "reduced_from_n_samples": 180000,
      "reduction_round": 11,
      "r2_spread_for_scenario": 0.07406285952198799,
      "r2_spread_tolerance": 0.03,
      "r2_spread_within_tolerance": false
    },
    {
      "model": "sklearn_hgb_fixed",
      "threads": 1,
      "effective_threads": 1,
      "n_samples": 652,
      "n_features": 120,
      "fit_seconds": 0.7743536170000027,
      "predict_seconds": 0.003075767748466409,
      "total_seconds": 2.057852820999983,
      "peak_rss_mb": 200.2890625,
      "rmse": 407.61724939280737,
      "r2": 0.43450168702867453,
      "fitted_trees": 220,
      "expected_trees": 220,
      "fitted_trees_match_expected": true,
      "total_nodes": 7040,
      "avg_nodes_per_tree": 32.0,
      "hyperparameters": {
        "loss": "squared_error",
        "n_estimators": 220,
        "learning_rate": 0.05,
        "max_depth": 6,
        "num_leaves": 31,
        "max_bin": 255,
        "subsample": 0.8,
        "l2_regularization": 1.0,
        "min_samples_leaf": 20,
        "min_child_weight": 20.0,
        "min_split_gain": 0.0,
        "random_state": 42
      },
      "dataset_name": "medium",
      "timeout_s": 5.0,
      "reduced_from_n_samples": 180000,
      "reduction_round": 11,
      "r2_spread_for_scenario": 0.07406285952198799,
      "r2_spread_tolerance": 0.03,
      "r2_spread_within_tolerance": false
    },
    {
      "model": "lightgbm_hist",
      "threads": 1,
      "effective_threads": 1,
      "n_samples": 1555,
      "n_features": 24,
      "fit_seconds": 0.2371225516000038,
      "predict_seconds": 0.004535316576576347,
      "total_seconds": 1.6938688600000091,
      "peak_rss_mb": 202.4375,
      "rmse": 87.09909030038986,
      "r2": 0.8668109165891211,
      "fitted_trees": 220,
      "expected_trees": 220,
      "fitted_trees_match_expected": true,
      "total_nodes": 8348,
      "avg_nodes_per_tree": 37.945454545454545,
      "hyperparameters": {
        "loss": "squared_error",
        "n_estimators": 220,
        "learning_rate": 0.05,
        "max_depth": 6,
        "num_leaves": 31,
        "max_bin": 255,
        "subsample": 0.8,
        "l2_regularization": 1.0,
        "min_samples_leaf": 20,
        "min_child_weight": 20.0,
        "min_split_gain": 0.0,
        "random_state": 42
      },
      "dataset_name": "small",
      "timeout_s": 5.0,
      "reduced_from_n_samples": 12000,
      "reduction_round": 4,
      "r2_spread_for_scenario": 0.041306412671803794,
      "r2_spread_tolerance": 0.03,
      "r2_spread_within_tolerance": false
    },
    {
      "model": "xgboost_hist",
      "threads": 1,
      "effective_threads": 1,
      "n_samples": 1555,
      "n_features": 24,
      "fit_seconds": 0.42153869699999785,
      "predict_seconds": 0.0012640167121212259,
      "total_seconds": 1.7701765480000233,
      "peak_rss_mb": 208.60546875,
      "rmse": 82.83402727272622,
      "r2": 0.8795355558395386,
      "fitted_trees": 220,
      "expected_trees": 220,
      "fitted_trees_match_expected": true,
      "total_nodes": 8248,
      "avg_nodes_per_tree": 37.49090909090909,