{
  "ranked_models": [
    {
      "model": "lightgbm_hist",
      "median_total_s": 0.2902141539999832,
      "mean_total_s": 0.4655173769999976,
      "median_fit_s": 0.28123535450004056,
      "geo_mean_total_s": 0.3604417009200312,
      "mean_peak_rss_mb": 204.615234375,
      "mean_r2": 0.6876877315698918,
      "max_r2_spread_for_matched_scenario": 0.07406285952198799
    },
    {
      "model": "sklearn_hgb_fixed",
      "median_total_s": 0.4608209809999835,
      "mean_total_s": 0.486091277000007,
      "median_fit_s": 0.4503953459999934,
      "geo_mean_total_s": 0.45885911278682373,
      "mean_peak_rss_mb": 198.24560546875,
      "mean_r2": 0.6363654150982047,
      "max_r2_spread_for_matched_scenario": 0.07406285952198799
    },
    {
      "model": "sklearn_hgb",
      "median_total_s": 0.5978965870000366,
      "mean_total_s": 1.0760356416250048,
      "median_fit_s": 0.5937673984999776,
      "geo_mean_total_s": 0.7304848460483172,
      "mean_peak_rss_mb": 198.3984375,
      "mean_r2": 0.6363654150982047,
      "max_r2_spread_for_matched_scenario": 0.07406285952198799
    },
    {
      "model": "xgboost_hist",
      "median_total_s": 0.6863157275000447,
      "mean_total_s": 0.743737583374994,
      "median_fit_s": 0.6787061165000523,
      "geo_mean_total_s": 0.640035763419283,
      "mean_peak_rss_mb": 211.47509765625,
      "mean_r2": 0.6780025660991669,
      "max_r2_spread_for_matched_scenario": 0.07406285952198799
    }
  ],
  "single_thread_runs": [
    {
      "model": "lightgbm_hist",
      "threads": 1,
      "effective_threads": 1,
      "n_samples": 652,
      "n_features": 120,
      "fit_seconds": 0.5747301539999512,
      "predict_seconds": 0.003032333000021481,
      "total_seconds": 0.583002214999965,
      "peak_rss_mb": 209.421875,
      "rmse": 379.98822537275555,
      "r2": 0.5085645465506625,
      "fitted_trees": 220,
      "expected_trees": 220,
      "fitted_trees_match_expected": true,
      "total_nodes": 6114,
      "avg_nodes_per_tree": 27.79090909090909,
      "hyperparameters": {
        "loss": "squared_error",
        "n_estimators": 220,
        "learning_rate": 0.05,
        "max_depth": 6,
        "num_leaves": 31,
        "max_bin": 255,
        "subsample": 0.8,
        "l2_regularization": 1.0,
        "min_samples_leaf": 20,
        "min_child_weight": 20.0,
        "min_split_gain": 0.0,
        "random_state": 42
      },
      "dataset_name": "medium",
      "timeout_s": 5.0,
      "reduced_from_n_samples": 180000,
      "reduction_round": 11,
      "r2_spread_for_scenario": 0.07406285952198799,
      "r2_spread_tolerance": 0.03,
      "r2_spread_within_tolerance": false
    },
    {
      "model": "sklearn_hgb",
      "threads": 1,
      "effective_threads": 1,
      "n_samples": 652,
      "n_features": 120,
      "fit_seconds": 0.7989430199999674,
      "predict_seconds": 0.0034207130000254438,
      "total_seconds": 0.8070778950000204,
      "peak_rss_mb": 199.8515625,
      "rmse": 407.61724939280737,
      "r2": 0.43450168702867453,
      "fitted_trees": 220,
      "expected_trees": 220,
      "fitted_trees_match_expected": true,
      "total_nodes": 7040,
      "avg_nodes_per_tree": 32.0,
      "hyperparameters": {
        "loss": "squared_error",
        "n_estimators": 220,
        "learning_rate": 0.05,
        "max_depth": 6,
        "num_leaves": 31,
        "max_bin": 255,
        "subsample": 0.8,
        "l2_regularization": 1.0,
        "min_samples_leaf": 20,
        "min_child_weight": 20.0,
        "min_split_gain": 0.0,
        "random_state": 42
      },
      "dataset_name": "medium",
      "timeout_s": 5.0,
      "reduced_from_n_samples": 180000,
      "reduction_round": 11,
      "r2_spread_for_scenario": 0.07406285952198799,
      "r2_spread_tolerance": 0.03,
      "r2_spread_within_tolerance": false
    },
    {
      "model": "sklearn_hgb_fixed",
      "threads": 1,
      "effective_threads": 1,
      "n_samples": 652,
      "n_features": 120,
      "fit_seconds": 0.8033146349999924,
      "predict_seconds": 0.0034994709999978113,
      "total_seconds": 0.808817758000032,
      "peak_rss_mb": 199.79296875,
      "rmse": 407.61724939280737,
      "r2": 0.43450168702867453,
      "fitted_trees": 220,
      "expected_trees": 220,
      "fitted_trees_match_expected": true,
      "total_nodes": 7040,
      "avg_nodes_per_tree": 32.0,
      "hyperparameters": {
        "loss": "squared_error",
        "n_estimators": 220,
        "learning_rate": 0.05,
        "max_depth": 6,
        "num_leaves": 31,
        "max_bin": 255,
        "subsample": 0.8,
        "l2_regularization": 1.0,
        "min_samples_leaf": 20,
        "min_child_weight": 20.0,
        "min_split_gain": 0.0,
        "random_state": 42
      },
      "dataset_name": "medium",
      "timeout_s": 5.0,
      "reduced_from_n_samples": 180000,
      "reduction_round": 11,
      "r2_spread_for_scenario": 0.07406285952198799,
      "r2_spread_tolerance": 0.03,
      "r2_spread_within_tolerance": false
    },
    {
      "model": "xgboost_hist",
      "threads": 1,
      "effective_threads": 1,
      "n_samples": 652,
      "n_features": 120,
      "fit_seconds": 1.4724185970000008,
      "predict_seconds": 0.0015850860000341527,
      "total_seconds": 1.4741354009999554,
      "peak_rss_mb": 216.4140625,
      "rmse": 392.20024381685437,
      "r2": 0.47646957635879517,
      "fitted_trees": 220,
      "expected_trees": 220,
      "fitted_trees_match_expected": true,
      "total_nodes": 6168,
      "avg_nodes_per_tree": 28.036363636363635,
      "hyperparameters": {
        "loss": "squared_error",
        "n_estimators": 220,
        "learning_rate": 0.05,
        "max_depth": 6,
        "num_leaves": 31,
        "max_bin": 255,
        "subsample": 0.8,
        "l2_regularization": 1.0,
        "min_samples_leaf": 20,
        "min_child_weight": 20.0,
        "min_split_gain": 0.0,
        "random_state": 42
      },
      "dataset_name": "medium",
      "timeout_s": 5.0,
      "reduced_from_n_samples": 180000,
      "reduction_round": 11,
      "r2_spread_for_scenario": 0.07406285952198799,
      "r2_spread_tolerance": 0.03,
      "r2_spread_within_tolerance": false
    },
    {
      "model": "lightgbm_hist",
      "threads": 1,
      "effective_threads": 1,
      "n_samples": 1555,
      "n_features": 24,
      "fit_seconds": 0.25025026499997693,
      "predict_seconds": 0.005328313000006801,
      "total_seconds": 0.26418704999997544,
      "peak_rss_mb": 202.09375,
      "rmse": 87.09909030038986,
      "r2": 0.8668109165891211,
      "fitted_trees": 220,
      "expected_trees": 220,
      "fitted_trees_match_expected": true,
      "total_nodes": 8348,
      "avg_nodes_per_tree": 37.945454545454545,
      "hyperparameters": {
        "loss": "squared_error",
        "n_estimators": 220,
        "learning_rate": 0.05,
        "max_depth": 6,
        "num_leaves": 31,
        "max_bin": 255,
        "subsample": 0.8,
        "l2_regularization": 1.0,
        "min_samples_leaf": 20,
        "min_child_weight": 20.0,
        "min_split_gain": 0.0,
        "random_state": 42
      },
      "dataset_name": "small",
      "timeout_s": 5.0,
      "reduced_from_n_samples": 12000,
      "reduction_round": 4,
      "r2_spread_for_scenario": 0.041306412671803794,
      "r2_spread_tolerance": 0.03,
      "r2_spread_within_tolerance": false
    },
    {
      "model": "sklearn_hgb_fixed",
      "threads": 1,
      "effective_threads": 1,
      "n_samples": 1555,
      "n_features": 24,
      "fit_seconds": 0.33838686999996526,
      "predict_seconds": 0.005258714000035525,
      "total_seconds": 0.3479480039999885,
      "peak_rss_mb": 195.95703125,
      "rmse": 95.99076368962676,
      "r2": 0.8382291431677348,
      "fitted_trees": 220,
      "expected_trees": 220,
      "fitted_trees_match_expected": true,
      "total_nodes": 9210,
      "avg_nodes_per_tree": 41.86363636363637,