{
  "ranked_models": [
    {
      "model": "lightgbm_hist",
      "median_total_s": 0.3196948984999892,
      "mean_total_s": 0.5064573396249905,
      "median_fit_s": 0.3108246620000017,
      "geo_mean_total_s": 0.39705700179547443,
      "mean_peak_rss_mb": 204.98779296875,
      "mean_r2": 0.6876877315698918,
      "max_r2_spread_for_matched_scenario": 0.07406285952198799
    },
    {
      "model": "sklearn_hgb_fixed",
      "median_total_s": 0.45376342849999673,
      "mean_total_s": 0.4852764346250069,
      "median_fit_s": 0.44697335599998667,
      "geo_mean_total_s": 0.4536617870170982,
      "mean_peak_rss_mb": 198.3330078125,
      "mean_r2": 0.6363654150982047,
      "max_r2_spread_for_matched_scenario": 0.07406285952198799
    },
    {
      "model": "sklearn_hgb",
      "median_total_s": 0.5809655335000059,
      "mean_total_s": 1.1068975739999907,
      "median_fit_s": 0.571420242500011,
      "geo_mean_total_s": 0.7340113450119917,
      "mean_peak_rss_mb": 198.3671875,
      "mean_r2": 0.6363654150982047,
      "max_r2_spread_for_matched_scenario": 0.07406285952198799
    },
    {
      "model": "xgboost_hist",
      "median_total_s": 0.6775484430000063,
      "mean_total_s": 0.7520960982499965,
      "median_fit_s": 0.6720077165000191,
      "geo_mean_total_s": 0.6591295016642353,
      "mean_peak_rss_mb": 211.23193359375,
      "mean_r2": 0.6780025660991669,
      "max_r2_spread_for_matched_scenario": 0.07406285952198799
    }
  ],
  "single_thread_runs": [
    {
      "model": "lightgbm_hist",
      "threads": 1,
      "effective_threads": 1,
      "n_samples": 652,
      "n_features": 120,
      "fit_seconds": 0.624824985000032,
      "predict_seconds": 0.0031415679999895474,
      "total_seconds": 0.6296610480000027,
      "peak_rss_mb": 208.33203125,
      "rmse": 379.98822537275555,
      "r2": 0.5085645465506625,
      "fitted_trees": 220,
      "expected_trees": 220,
      "fitted_trees_match_expected": true,
      "total_nodes": 6114,
      "avg_nodes_per_tree": 27.79090909090909,
      "hyperparameters": {
        "loss": "squared_error",
        "n_estimators": 220,
        "learning_rate": 0.05,
        "max_depth": 6,
        "num_leaves": 31,
        "max_bin": 255,
        "subsample": 0.8,
        "l2_regularization": 1.0,
        "min_samples_leaf": 20,
        "min_child_weight": 20.0,
        "min_split_gain": 0.0,
        "random_state": 42
      },
      "dataset_name": "medium",
      "timeout_s": 5.0,
      "reduced_from_n_samples": 180000,
      "reduction_round": 11,
      "r2_spread_for_scenario": 0.07406285952198799,
      "r2_spread_tolerance": 0.03,
      "r2_spread_within_tolerance": false
    },
    {
      "model": "sklearn_hgb_fixed",
      "threads": 1,
      "effective_threads": 1,
      "n_samples": 652,
      "n_features": 120,
      "fit_seconds": 0.848840440999993,
      "predict_seconds": 0.0036976430000095206,
      "total_seconds": 0.8544471409999801,
      "peak_rss_mb": 200.796875,
      "rmse": 407.61724939280737,
      "r2": 0.43450168702867453,
      "fitted_trees": 220,
      "expected_trees": 220,
      "fitted_trees_match_expected": true,
      "total_nodes": 7040,
      "avg_nodes_per_tree": 32.0,
      "hyperparameters": {
        "loss": "squared_error",
        "n_estimators": 220,
        "learning_rate": 0.05,
        "max_depth": 6,
        "num_leaves": 31,
        "max_bin": 255,
        "subsample": 0.8,
        "l2_regularization": 1.0,
        "min_samples_leaf": 20,
        "min_child_weight": 20.0,
        "min_split_gain": 0.0,
        "random_state": 42
      },
      "dataset_name": "medium",
      "timeout_s": 5.0,
      "reduced_from_n_samples": 180000,
      "reduction_round": 11,
      "r2_spread_for_scenario": 0.07406285952198799,
      "r2_spread_tolerance": 0.03,
      "r2_spread_within_tolerance": false
    },
    {
      "model": "sklearn_hgb",
      "threads": 1,
      "effective_threads": 1,
      "n_samples": 652,
      "n_features": 120,
      "fit_seconds": 0.8423665180000057,
      "predict_seconds": 0.0037529169999857004,
      "total_seconds": 0.8551793829999497,
      "peak_rss_mb": 199.94140625,
      "rmse": 407.61724939280737,
      "r2": 0.43450168702867453,
      "fitted_trees": 220,
      "expected_trees": 220,
      "fitted_trees_match_expected": true,
      "total_nodes": 7040,
      "avg_nodes_per_tree": 32.0,
      "hyperparameters": {
        "loss": "squared_error",
        "n_estimators": 220,
        "learning_rate": 0.05,
        "max_depth": 6,
        "num_leaves": 31,
        "max_bin": 255,
        "subsample": 0.8,
        "l2_regularization": 1.0,
        "min_samples_leaf": 20,
        "min_child_weight": 20.0,
        "min_split_gain": 0.0,
        "random_state": 42
      },
      "dataset_name": "medium",
      "timeout_s": 5.0,
      "reduced_from_n_samples": 180000,
      "reduction_round": 11,
      "r2_spread_for_scenario": 0.07406285952198799,
      "r2_spread_tolerance": 0.03,
      "r2_spread_within_tolerance": false
    },
    {
      "model": "xgboost_hist",
      "threads": 1,
      "effective_threads": 1,
      "n_samples": 652,
      "n_features": 120,
      "fit_seconds": 1.4938774070000136,
      "predict_seconds": 0.0013784409999857417,
      "total_seconds": 1.504358558999968,
      "peak_rss_mb": 216.36328125,
      "rmse": 392.20024381685437,
      "r2": 0.47646957635879517,
      "fitted_trees": 220,
      "expected_trees": 220,
      "fitted_trees_match_expected": true,
      "total_nodes": 6168,
      "avg_nodes_per_tree": 28.036363636363635,
      "hyperparameters": {
        "loss": "squared_error",
        "n_estimators": 220,
        "learning_rate": 0.05,
        "max_depth": 6,
        "num_leaves": 31,
        "max_bin": 255,
        "subsample": 0.8,
        "l2_regularization": 1.0,
        "min_samples_leaf": 20,
        "min_child_weight": 20.0,
        "min_split_gain": 0.0,
        "random_state": 42
      },
      "dataset_name": "medium",
      "timeout_s": 5.0,
      "reduced_from_n_samples": 180000,
      "reduction_round": 11,
      "r2_spread_for_scenario": 0.07406285952198799,
      "r2_spread_tolerance": 0.03,
      "r2_spread_within_tolerance": false
    },
    {
      "model": "lightgbm_hist",
      "threads": 1,
      "effective_threads": 1,
      "n_samples": 1555,
      "n_features": 24,
      "fit_seconds": 0.2785335960000168,
      "predict_seconds": 0.005691246999987243,
      "total_seconds": 0.28484231999999565,
      "peak_rss_mb": 200.4453125,
      "rmse": 87.09909030038986,
      "r2": 0.8668109165891211,
      "fitted_trees": 220,
      "expected_trees": 220,
      "fitted_trees_match_expected": true,
      "total_nodes": 8348,
      "avg_nodes_per_tree": 37.945454545454545,
      "hyperparameters": {
        "loss": "squared_error",
        "n_estimators": 220,
        "learning_rate": 0.05,
        "max_depth": 6,
        "num_leaves": 31,
        "max_bin": 255,
        "subsample": 0.8,
        "l2_regularization": 1.0,
        "min_samples_leaf": 20,
        "min_child_weight": 20.0,
        "min_split_gain": 0.0,
        "random_state": 42
      },
      "dataset_name": "small",
      "timeout_s": 5.0,
      "reduced_from_n_samples": 12000,
      "reduction_round": 4,
      "r2_spread_for_scenario": 0.041306412671803794,
      "r2_spread_tolerance": 0.03,
      "r2_spread_within_tolerance": false
    },
    {
      "model": "sklearn_hgb",
      "threads": 1,
      "effective_threads": 1,
      "n_samples": 1555,
      "n_features": 24,
      "fit_seconds": 0.3358434850000265,
      "predict_seconds": 0.005982563999992863,
      "total_seconds": 0.3473228240000026,
      "peak_rss_mb": 195.828125,
      "rmse": 95.99076368962676,
      "r2": 0.8382291431677348,
      "fitted_trees": 220,
      "expected_trees": 220,
      "fitted_trees_match_expected": true,
      "total_nodes": 9210,
      "avg_nodes_per_tree": 41.86363636363637,