{
  "ranked_models": [
    {
      "model": "lightgbm_hist",
      "median_total_s": 3.6409891560000034,
      "mean_total_s": 4.581085760249996,
      "median_fit_s": 3.1235611835000157,
      "geo_mean_total_s": 3.4874004745251344,
      "mean_peak_rss_mb": 338.99072265625,
      "mean_r2": 0.8172169647019222,
      "max_r2_spread_for_matched_scenario": 0.012053314178651853
    },
    {
      "model": "sklearn_hgb_fixed",
      "median_total_s": 3.7718121015000037,
      "mean_total_s": 4.373620280499999,
      "median_fit_s": 2.860473918000011,
      "geo_mean_total_s": 3.3843976897413377,
      "mean_peak_rss_mb": 311.63134765625,
      "mean_r2": 0.807713652821849,
      "max_r2_spread_for_matched_scenario": 0.012053314178651853
    },
    {
      "model": "sklearn_hgb",
      "median_total_s": 4.772890934499998,
      "mean_total_s": 5.046715976999991,
      "median_fit_s": 4.200023635500003,
      "geo_mean_total_s": 3.9773784109349153,
      "mean_peak_rss_mb": 312.80810546875,
      "mean_r2": 0.807713652821849,
      "max_r2_spread_for_matched_scenario": 0.012053314178651853
    },
    {
      "model": "xgboost_hist",
      "median_total_s": 4.966341562500013,
      "mean_total_s": 5.604490618750008,
      "median_fit_s": 4.014876910749997,
      "geo_mean_total_s": 4.157442271620695,
      "mean_peak_rss_mb": 326.783203125,
      "mean_r2": 0.8174675405025482,
      "max_r2_spread_for_matched_scenario": 0.012053314178651853
    }
  ],
  "single_thread_runs": [
    {
      "model": "sklearn_hgb_fixed",
      "threads": 1,
      "effective_threads": 1,
      "n_samples": 108000,
      "n_features": 120,
      "fit_seconds": 10.028304456,
      "predict_seconds": 0.32626026199999103,
      "total_seconds": 10.683812499999988,
      "peak_rss_mb": 411.66015625,
      "rmse": 320.4245250067948,
      "r2": 0.6731286611860332,
      "fitted_trees": 220,
      "expected_trees": 220,
      "fitted_trees_match_expected": true,
      "total_nodes": 13420,
      "avg_nodes_per_tree": 61.0,
      "hyperparameters": {
        "loss": "squared_error",
        "n_estimators": 220,
        "learning_rate": 0.05,
        "max_depth": 6,
        "num_leaves": 31,
        "max_bin": 255,
        "subsample": 0.8,
        "l2_regularization": 1.0,
        "min_samples_leaf": 20,
        "min_child_weight": 20.0,
        "min_split_gain": 0.0,
        "random_state": 42
      },
      "dataset_name": "medium",
      "timeout_s": 20.0,
      "reduced_from_n_samples": 180000,
      "reduction_round": 1,
      "r2_spread_for_scenario": 0.012053314178651853,
      "r2_spread_tolerance": 0.03,
      "r2_spread_within_tolerance": true
    },
    {
      "model": "sklearn_hgb",
      "threads": 1,
      "effective_threads": 1,
      "n_samples": 108000,
      "n_features": 120,
      "fit_seconds": 10.174412980999989,
      "predict_seconds": 0.3457449125000096,
      "total_seconds": 10.87367401199998,
      "peak_rss_mb": 411.40234375,
      "rmse": 320.4245250067948,
      "r2": 0.6731286611860332,
      "fitted_trees": 220,
      "expected_trees": 220,
      "fitted_trees_match_expected": true,
      "total_nodes": 13420,
      "avg_nodes_per_tree": 61.0,
      "hyperparameters": {
        "loss": "squared_error",
        "n_estimators": 220,
        "learning_rate": 0.05,
        "max_depth": 6,
        "num_leaves": 31,
        "max_bin": 255,
        "subsample": 0.8,
        "l2_regularization": 1.0,
        "min_samples_leaf": 20,
        "min_child_weight": 20.0,
        "min_split_gain": 0.0,
        "random_state": 42
      },
      "dataset_name": "medium",
      "timeout_s": 20.0,
      "reduced_from_n_samples": 180000,
      "reduction_round": 1,
      "r2_spread_for_scenario": 0.012053314178651853,
      "r2_spread_tolerance": 0.03,
      "r2_spread_within_tolerance": true
    },
    {
      "model": "lightgbm_hist",
      "threads": 1,
      "effective_threads": 1,
      "n_samples": 108000,
      "n_features": 120,
      "fit_seconds": 10.882320725999989,
      "predict_seconds": 0.28888748650001617,
      "total_seconds": 11.46456705899999,
      "peak_rss_mb": 462.7265625,
      "rmse": 314.5197656224243,
      "r2": 0.6850647810367133,
      "fitted_trees": 220,
      "expected_trees": 220,
      "fitted_trees_match_expected": true,
      "total_nodes": 13420,
      "avg_nodes_per_tree": 61.0,
      "hyperparameters": {
        "loss": "squared_error",
        "n_estimators": 220,
        "learning_rate": 0.05,
        "max_depth": 6,
        "num_leaves": 31,
        "max_bin": 255,
        "subsample": 0.8,
        "l2_regularization": 1.0,
        "min_samples_leaf": 20,
        "min_child_weight": 20.0,
        "min_split_gain": 0.0,
        "random_state": 42
      },
      "dataset_name": "medium",
      "timeout_s": 20.0,
      "reduced_from_n_samples": 180000,
      "reduction_round": 1,
      "r2_spread_for_scenario": 0.012053314178651853,
      "r2_spread_tolerance": 0.03,
      "r2_spread_within_tolerance": true
    },
    {
      "model": "xgboost_hist",
      "threads": 1,
      "effective_threads": 1,
      "n_samples": 108000,
      "n_features": 120,
      "fit_seconds": 12.939221542000013,
      "predict_seconds": 0.058397941666663025,
      "total_seconds": 13.465967919000008,
      "peak_rss_mb": 436.328125,
      "rmse": 314.46123320291804,
      "r2": 0.6851819753646851,
      "fitted_trees": 220,
      "expected_trees": 220,
      "fitted_trees_match_expected": true,
      "total_nodes": 13420,
      "avg_nodes_per_tree": 61.0,
      "hyperparameters": {
        "loss": "squared_error",
        "n_estimators": 220,
        "learning_rate": 0.05,
        "max_depth": 6,
        "num_leaves": 31,
        "max_bin": 255,
        "subsample": 0.8,
        "l2_regularization": 1.0,
        "min_samples_leaf": 20,
        "min_child_weight": 20.0,
        "min_split_gain": 0.0,
        "random_state": 42
      },
      "dataset_name": "medium",
      "timeout_s": 20.0,
      "reduced_from_n_samples": 180000,
      "reduction_round": 1,
      "r2_spread_for_scenario": 0.012053314178651853,
      "r2_spread_tolerance": 0.03,
      "r2_spread_within_tolerance": true
    },
    {
      "model": "lightgbm_hist",
      "threads": 1,
      "effective_threads": 1,
      "n_samples": 12000,
      "n_features": 24,
      "fit_seconds": 0.5685758225000015,
      "predict_seconds": 0.03171061012499976,
      "total_seconds": 1.6520001260000043,
      "peak_rss_mb": 206.53125,
      "rmse": 48.7872923121708,
      "r2": 0.949369148367131,
      "fitted_trees": 220,
      "expected_trees": 220,
      "fitted_trees_match_expected": true,
      "total_nodes": 13386,
      "avg_nodes_per_tree": 60.845454545454544,
      "hyperparameters": {
        "loss": "squared_error",
        "n_estimators": 220,
        "learning_rate": 0.05,
        "max_depth": 6,
        "num_leaves": 31,
        "max_bin": 255,
        "subsample": 0.8,
        "l2_regularization": 1.0,
        "min_samples_leaf": 20,
        "min_child_weight": 20.0,
        "min_split_gain": 0.0,
        "random_state": 42
      },
      "dataset_name": "small",
      "timeout_s": 20.0,
      "reduced_from_n_samples": 12000,
      "reduction_round": 0,
      "r2_spread_for_scenario": 0.007454461182746508,
      "r2_spread_tolerance": 0.03,
      "r2_spread_within_tolerance": true
    },
    {
      "model": "sklearn_hgb_fixed",
      "threads": 1,
      "effective_threads": 1,
      "n_samples": 12000,
      "n_features": 24,
      "fit_seconds": 0.6908881129999997,
      "predict_seconds": 0.02652577957894739,
      "total_seconds": 1.8954970059999994,
      "peak_rss_mb": 202.34375,
      "rmse": 52.08253413992273,
      "r2": 0.9422986444576649,
      "fitted_trees": 220,
      "expected_trees": 220,
      "fitted_trees_match_expected": true,
      "total_nodes": 13414,
      "avg_nodes_per_tree": 60.972727272727276,
      "hyperparameters": {
        "loss": "squared_error",