{
  "ranked_models": [
    {
      "model": "lightgbm_hist",
      "median_total_s": 3.845990400000005,
      "mean_total_s": 4.983528425000003,
      "median_fit_s": 2.9525009000000466,
      "geo_mean_total_s": 3.7113268210661454,
      "mean_peak_rss_mb": 278.41552734375,
      "mean_r2": 0.8172169647019222,
      "max_r2_spread_for_matched_scenario": 0.011936119850680105
    },
    {
      "model": "sklearn_hgb_fixed",
      "median_total_s": 4.527128699999963,
      "mean_total_s": 5.4412821874999935,
      "median_fit_s": 3.5378712250000177,
      "geo_mean_total_s": 4.104357259330482,
      "mean_peak_rss_mb": 265.0927734375,
      "mean_r2": 0.807713652821849,
      "max_r2_spread_for_matched_scenario": 0.011936119850680105
    },
    {
      "model": "sklearn_hgb",
      "median_total_s": 4.622870949999964,
      "mean_total_s": 5.603798087499996,
      "median_fit_s": 3.6288254749999567,
      "geo_mean_total_s": 4.2680740253345935,
      "mean_peak_rss_mb": 265.47705078125,
      "mean_r2": 0.807713652821849,
      "max_r2_spread_for_matched_scenario": 0.011936119850680105
    },
    {
      "model": "xgboost_hist",
      "median_total_s": 5.854749600000019,
      "mean_total_s": 6.860666524999999,
      "median_fit_s": 5.0775894499999765,
      "geo_mean_total_s": 4.747408779601522,
      "mean_peak_rss_mb": 282.1552734375,
      "mean_r2": 0.8165352493524551,
      "max_r2_spread_for_matched_scenario": 0.011936119850680105
    }
  ],
  "single_thread_runs": [
    {
      "model": "lightgbm_hist",
      "threads": 1,
      "effective_threads": 1,
      "n_samples": 108000,
      "n_features": 120,
      "fit_seconds": 12.336377500000026,
      "predict_seconds": 0.3328843999999833,
      "total_seconds": 13.008362200000022,
      "peak_rss_mb": 384.7734375,
      "rmse": 314.5197656224243,
      "r2": 0.6850647810367133,
      "fitted_trees": 220,
      "expected_trees": 220,
      "fitted_trees_match_expected": true,
      "total_nodes": 13420,
      "avg_nodes_per_tree": 61.0,
      "hyperparameters": {
        "loss": "squared_error",
        "n_estimators": 220,
        "learning_rate": 0.05,
        "max_depth": 6,
        "num_leaves": 31,
        "max_bin": 255,
        "subsample": 0.8,
        "l2_regularization": 1.0,
        "min_samples_leaf": 20,
        "min_child_weight": 20.0,
        "min_split_gain": 0.0,
        "random_state": 42
      },
      "dataset_name": "medium",
      "timeout_s": 20.0,
      "reduced_from_n_samples": 180000,
      "reduction_round": 1,
      "r2_spread_for_scenario": 0.011936119850680105,
      "r2_spread_tolerance": 0.03,
      "r2_spread_within_tolerance": true
    },
    {
      "model": "sklearn_hgb_fixed",
      "threads": 1,
      "effective_threads": 1,
      "n_samples": 108000,
      "n_features": 120,
      "fit_seconds": 12.714027499999986,
      "predict_seconds": 1.3884552999999755,
      "total_seconds": 14.107161100000042,
      "peak_rss_mb": 365.28125,
      "rmse": 320.4245250067948,
      "r2": 0.6731286611860332,
      "fitted_trees": 220,
      "expected_trees": 220,
      "fitted_trees_match_expected": true,
      "total_nodes": 13420,
      "avg_nodes_per_tree": 61.0,
      "hyperparameters": {
        "loss": "squared_error",
        "n_estimators": 220,
        "learning_rate": 0.05,
        "max_depth": 6,
        "num_leaves": 31,
        "max_bin": 255,
        "subsample": 0.8,
        "l2_regularization": 1.0,
        "min_samples_leaf": 20,
        "min_child_weight": 20.0,
        "min_split_gain": 0.0,
        "random_state": 42
      },
      "dataset_name": "medium",
      "timeout_s": 20.0,
      "reduced_from_n_samples": 180000,
      "reduction_round": 1,
      "r2_spread_for_scenario": 0.011936119850680105,
      "r2_spread_tolerance": 0.03,
      "r2_spread_within_tolerance": true
    },
    {
      "model": "sklearn_hgb",
      "threads": 1,
      "effective_threads": 1,
      "n_samples": 108000,
      "n_features": 120,
      "fit_seconds": 12.75351569999998,
      "predict_seconds": 1.6735732000000212,
      "total_seconds": 14.431202100000007,
      "peak_rss_mb": 364.95703125,
      "rmse": 320.4245250067948,
      "r2": 0.6731286611860332,
      "fitted_trees": 220,
      "expected_trees": 220,
      "fitted_trees_match_expected": true,
      "total_nodes": 13420,
      "avg_nodes_per_tree": 61.0,
      "hyperparameters": {
        "loss": "squared_error",
        "n_estimators": 220,
        "learning_rate": 0.05,
        "max_depth": 6,
        "num_leaves": 31,
        "max_bin": 255,
        "subsample": 0.8,
        "l2_regularization": 1.0,
        "min_samples_leaf": 20,
        "min_child_weight": 20.0,
        "min_split_gain": 0.0,
        "random_state": 42
      },
      "dataset_name": "medium",
      "timeout_s": 20.0,
      "reduced_from_n_samples": 180000,
      "reduction_round": 1,
      "r2_spread_for_scenario": 0.011936119850680105,
      "r2_spread_tolerance": 0.03,
      "r2_spread_within_tolerance": true
    },
    {
      "model": "xgboost_hist",
      "threads": 1,
      "effective_threads": 1,
      "n_samples": 108000,
      "n_features": 120,
      "fit_seconds": 15.639354500000024,
      "predict_seconds": 0.08487015000000042,
      "total_seconds": 16.157015599999966,
      "peak_rss_mb": 396.8359375,
      "rmse": 314.6304255590994,
      "r2": 0.6848430633544922,
      "fitted_trees": 220,
      "expected_trees": 220,
      "fitted_trees_match_expected": true,
      "total_nodes": 13420,
      "avg_nodes_per_tree": 61.0,
      "hyperparameters": {
        "loss": "squared_error",
        "n_estimators": 220,
        "learning_rate": 0.05,
        "max_depth": 6,
        "num_leaves": 31,
        "max_bin": 255,
        "subsample": 0.8,
        "l2_regularization": 1.0,
        "min_samples_leaf": 20,
        "min_child_weight": 20.0,
        "min_split_gain": 0.0,
        "random_state": 42
      },
      "dataset_name": "medium",
      "timeout_s": 20.0,
      "reduced_from_n_samples": 180000,
      "reduction_round": 1,
      "r2_spread_for_scenario": 0.011936119850680105,
      "r2_spread_tolerance": 0.03,
      "r2_spread_within_tolerance": true
    },
    {
      "model": "xgboost_hist",
      "threads": 1,
      "effective_threads": 1,
      "n_samples": 12000,
      "n_features": 24,
      "fit_seconds": 1.166395399999999,
      "predict_seconds": 0.008476666101694648,
      "total_seconds": 1.6729310000000055,
      "peak_rss_mb": 166.78125,
      "rmse": 49.029024208561914,
      "r2": 0.9488661885261536,
      "fitted_trees": 220,
      "expected_trees": 220,
      "fitted_trees_match_expected": true,
      "total_nodes": 13394,
      "avg_nodes_per_tree": 60.88181818181818,
      "hyperparameters": {
        "loss": "squared_error",
        "n_estimators": 220,
        "learning_rate": 0.05,
        "max_depth": 6,
        "num_leaves": 31,
        "max_bin": 255,
        "subsample": 0.8,
        "l2_regularization": 1.0,
        "min_samples_leaf": 20,
        "min_child_weight": 20.0,
        "min_split_gain": 0.0,
        "random_state": 42
      },
      "dataset_name": "small",
      "timeout_s": 20.0,
      "reduced_from_n_samples": 12000,
      "reduction_round": 0,
      "r2_spread_for_scenario": 0.007070503909466175,
      "r2_spread_tolerance": 0.03,
      "r2_spread_within_tolerance": true
    },
    {
      "model": "lightgbm_hist",
      "threads": 1,
      "effective_threads": 1,
      "n_samples": 12000,
      "n_features": 24,
      "fit_seconds": 0.7233266000000071,
      "predict_seconds": 0.036688249999997424,
      "total_seconds": 1.9692043000000012,
      "peak_rss_mb": 166.15625,
      "rmse": 48.7872923121708,