{
  "ranked_models": [
    {
      "model": "lightgbm_hist",
      "median_total_s": 0.7150874000001295,
      "mean_total_s": 0.7646746000000348,
      "median_fit_s": 0.6926341000000775,
      "geo_mean_total_s": 0.7035267512457336,
      "mean_peak_rss_mb": 170.919921875,
      "mean_r2": 0.7680051529015439,
      "max_r2_spread_for_matched_scenario": 0.07603847981243139
    },
    {
      "model": "sklearn_hgb_fixed",
      "median_total_s": 1.2684812499999225,
      "mean_total_s": 1.2914778875000366,
      "median_fit_s": 1.234335450000117,
      "geo_mean_total_s": 1.1784029370123963,
      "mean_peak_rss_mb": 166.86474609375,
      "mean_r2": 0.7360931007399751,
      "max_r2_spread_for_matched_scenario": 0.07603847981243139
    },
    {
      "model": "sklearn_hgb",
      "median_total_s": 1.3497559000002184,
      "mean_total_s": 1.391087412499985,
      "median_fit_s": 1.3303361000000677,
      "geo_mean_total_s": 1.2808481403282315,
      "mean_peak_rss_mb": 167.26806640625,
      "mean_r2": 0.7360931007399751,
      "max_r2_spread_for_matched_scenario": 0.07603847981243139
    },
    {
      "model": "xgboost_hist",
      "median_total_s": 1.5767380499999035,
      "mean_total_s": 1.6068251125000756,
      "median_fit_s": 1.5694881500000974,
      "geo_mean_total_s": 1.4393708153712759,
      "mean_peak_rss_mb": 182.966796875,
      "mean_r2": 0.7729382738471031,
      "max_r2_spread_for_matched_scenario": 0.07603847981243139
    }
  ],
  "single_thread_runs": [
    {
      "model": "lightgbm_hist",
      "threads": 1,
      "effective_threads": 1,
      "n_samples": 1813,
      "n_features": 120,
      "fit_seconds": 1.5313759000000573,
      "predict_seconds": 0.006706599999688478,
      "total_seconds": 1.5418276000000333,
      "peak_rss_mb": 176.39453125,
      "rmse": 327.2021578935282,
      "r2": 0.5866411574359567,
      "fitted_trees": 220,
      "expected_trees": 220,
      "fitted_trees_match_expected": true,
      "total_nodes": 11256,
      "avg_nodes_per_tree": 51.163636363636364,
      "hyperparameters": {
        "loss": "squared_error",
        "n_estimators": 220,
        "learning_rate": 0.05,
        "max_depth": 6,
        "num_leaves": 31,
        "max_bin": 255,
        "subsample": 0.8,
        "l2_regularization": 1.0,
        "min_samples_leaf": 20,
        "min_child_weight": 20.0,
        "min_split_gain": 0.0,
        "random_state": 42
      },
      "dataset_name": "medium",
      "timeout_s": 5.0,
      "reduced_from_n_samples": 180000,
      "reduction_round": 9,
      "r2_spread_for_scenario": 0.06354463101177221,
      "r2_spread_tolerance": 0.03,
      "r2_spread_within_tolerance": false
    },
    {
      "model": "sklearn_hgb_fixed",
      "threads": 1,
      "effective_threads": 1,
      "n_samples": 1813,
      "n_features": 120,
      "fit_seconds": 2.2714230999999927,
      "predict_seconds": 0.010298599999714497,
      "total_seconds": 2.2885495999998966,
      "peak_rss_mb": 169.18359375,
      "rmse": 348.94213669349836,
      "r2": 0.5298875570222854,
      "fitted_trees": 220,
      "expected_trees": 220,
      "fitted_trees_match_expected": true,
      "total_nodes": 12398,
      "avg_nodes_per_tree": 56.35454545454545,
      "hyperparameters": {
        "loss": "squared_error",
        "n_estimators": 220,
        "learning_rate": 0.05,
        "max_depth": 6,
        "num_leaves": 31,
        "max_bin": 255,
        "subsample": 0.8,
        "l2_regularization": 1.0,
        "min_samples_leaf": 20,
        "min_child_weight": 20.0,
        "min_split_gain": 0.0,
        "random_state": 42
      },
      "dataset_name": "medium",
      "timeout_s": 5.0,
      "reduced_from_n_samples": 180000,
      "reduction_round": 9,
      "r2_spread_for_scenario": 0.06354463101177221,
      "r2_spread_tolerance": 0.03,
      "r2_spread_within_tolerance": false
    },
    {
      "model": "sklearn_hgb",
      "threads": 1,
      "effective_threads": 1,
      "n_samples": 1813,
      "n_features": 120,
      "fit_seconds": 2.2868837999999414,
      "predict_seconds": 0.010652400000253692,
      "total_seconds": 2.3038022000000637,
      "peak_rss_mb": 168.45703125,
      "rmse": 348.94213669349836,
      "r2": 0.5298875570222854,
      "fitted_trees": 220,
      "expected_trees": 220,
      "fitted_trees_match_expected": true,
      "total_nodes": 12398,
      "avg_nodes_per_tree": 56.35454545454545,
      "hyperparameters": {
        "loss": "squared_error",
        "n_estimators": 220,
        "learning_rate": 0.05,
        "max_depth": 6,
        "num_leaves": 31,
        "max_bin": 255,
        "subsample": 0.8,
        "l2_regularization": 1.0,
        "min_samples_leaf": 20,
        "min_child_weight": 20.0,
        "min_split_gain": 0.0,
        "random_state": 42
      },
      "dataset_name": "medium",
      "timeout_s": 5.0,
      "reduced_from_n_samples": 180000,
      "reduction_round": 9,
      "r2_spread_for_scenario": 0.06354463101177221,
      "r2_spread_tolerance": 0.03,
      "r2_spread_within_tolerance": false
    },
    {
      "model": "xgboost_hist",
      "threads": 1,
      "effective_threads": 1,
      "n_samples": 1813,
      "n_features": 120,
      "fit_seconds": 2.8144062999999733,
      "predict_seconds": 0.0021976000002723595,
      "total_seconds": 2.8216285000003154,
      "peak_rss_mb": 194.046875,
      "rmse": 324.5032261010667,
      "r2": 0.5934321880340576,
      "fitted_trees": 220,
      "expected_trees": 220,
      "fitted_trees_match_expected": true,
      "total_nodes": 11426,
      "avg_nodes_per_tree": 51.93636363636364,
      "hyperparameters": {
        "loss": "squared_error",
        "n_estimators": 220,
        "learning_rate": 0.05,
        "max_depth": 6,
        "num_leaves": 31,
        "max_bin": 255,
        "subsample": 0.8,
        "l2_regularization": 1.0,
        "min_samples_leaf": 20,
        "min_child_weight": 20.0,
        "min_split_gain": 0.0,
        "random_state": 42
      },
      "dataset_name": "medium",
      "timeout_s": 5.0,
      "reduced_from_n_samples": 180000,
      "reduction_round": 9,
      "r2_spread_for_scenario": 0.06354463101177221,
      "r2_spread_tolerance": 0.03,
      "r2_spread_within_tolerance": false
    },
    {
      "model": "lightgbm_hist",
      "threads": 1,
      "effective_threads": 1,
      "n_samples": 12000,
      "n_features": 24,
      "fit_seconds": 0.6514130999998997,
      "predict_seconds": 0.03321490000007543,
      "total_seconds": 0.6896912000001976,
      "peak_rss_mb": 164.76953125,
      "rmse": 48.7872923121708,
      "r2": 0.949369148367131,
      "fitted_trees": 220,
      "expected_trees": 220,
      "fitted_trees_match_expected": true,
      "total_nodes": 13386,
      "avg_nodes_per_tree": 60.845454545454544,
      "hyperparameters": {
        "loss": "squared_error",
        "n_estimators": 220,
        "learning_rate": 0.05,
        "max_depth": 6,
        "num_leaves": 31,
        "max_bin": 255,
        "subsample": 0.8,
        "l2_regularization": 1.0,
        "min_samples_leaf": 20,
        "min_child_weight": 20.0,
        "min_split_gain": 0.0,
        "random_state": 42
      },
      "dataset_name": "small",
      "timeout_s": 5.0,
      "reduced_from_n_samples": 12000,
      "reduction_round": 0,
      "r2_spread_for_scenario": 0.007070503909466175,
      "r2_spread_tolerance": 0.03,
      "r2_spread_within_tolerance": true
    },
    {
      "model": "sklearn_hgb_fixed",
      "threads": 1,
      "effective_threads": 1,
      "n_samples": 12000,
      "n_features": 24,
      "fit_seconds": 0.8790619999999763,
      "predict_seconds": 0.054759999999987485,
      "total_seconds": 0.9370057000000998,