{
  "ranked_models": [
    {
      "model": "lightgbm_hist",
      "median_total_s": 2.003927400000066,
      "mean_total_s": 2.1846017666666993,
      "median_fit_s": 1.9819228000000066,
      "geo_mean_total_s": 2.0418911523818566,
      "mean_peak_rss_mb": 171.38585069444446,
      "mean_r2": 0.7765811268604809,
      "max_r2_spread_for_matched_scenario": 0.030029406282663595
    },
    {
      "model": "sklearn_hgb_fixed",
      "median_total_s": 3.154469199999994,
      "mean_total_s": 3.3823666555555416,
      "median_fit_s": 3.056681200000071,
      "geo_mean_total_s": 3.2223117889880144,
      "mean_peak_rss_mb": 170.69357638888889,
      "mean_r2": 0.760866907121507,
      "max_r2_spread_for_matched_scenario": 0.030029406282663595
    },
    {
      "model": "sklearn_hgb",
      "median_total_s": 3.2263229999999794,
      "mean_total_s": 3.3893342555555566,
      "median_fit_s": 3.1213041999999405,
      "geo_mean_total_s": 3.226181293714495,
      "mean_peak_rss_mb": 170.94965277777777,
      "mean_r2": 0.760866907121507,
      "max_r2_spread_for_matched_scenario": 0.030029406282663595
    },
    {
      "model": "xgboost_hist",
      "median_total_s": 3.759254100000021,
      "mean_total_s": 3.9331285222222303,
      "median_fit_s": 3.7411743000000115,
      "geo_mean_total_s": 3.752720333318114,
      "mean_peak_rss_mb": 188.35850694444446,
      "mean_r2": 0.7763421999083625,
      "max_r2_spread_for_matched_scenario": 0.030029406282663595
    }
  ],
  "single_thread_runs": [
    {
      "model": "lightgbm_hist",
      "threads": 1,
      "effective_threads": 1,
      "n_samples": 10000,
      "n_features": 120,
      "fit_seconds": 3.3441131999999243,
      "predict_seconds": 0.029232800000045245,
      "total_seconds": 3.379753400000027,
      "peak_rss_mb": 159.48046875,
      "rmse": 314.59586649240043,
      "r2": 0.6743307489608431,
      "fitted_trees": 220,
      "expected_trees": 220,
      "fitted_trees_match_expected": true,
      "hyperparameters": {
        "loss": "squared_error",
        "n_estimators": 220,
        "learning_rate": 0.05,
        "max_depth": 6,
        "num_leaves": 31,
        "max_bin": 255,
        "subsample": 0.8,
        "l2_regularization": 1.0,
        "min_samples_leaf": 20,
        "min_child_weight": 20.0,
        "min_split_gain": 0.0,
        "random_state": 42
      },
      "dataset_name": "large",
      "timeout_s": 8.0,
      "reduced_from_n_samples": 320000,
      "reduction_round": 5,
      "r2_spread_for_scenario": 0.030029406282663595,
      "r2_spread_tolerance": 0.03,
      "r2_spread_within_tolerance": false
    },
    {
      "model": "sklearn_hgb",
      "threads": 1,
      "effective_threads": 1,
      "n_samples": 10000,
      "n_features": 120,
      "fit_seconds": 4.997968199999946,
      "predict_seconds": 0.06583440000008522,
      "total_seconds": 5.069779199999971,
      "peak_rss_mb": 162.9375,
      "rmse": 326.59682726030417,
      "r2": 0.6490100720193384,
      "fitted_trees": 220,
      "expected_trees": 220,
      "fitted_trees_match_expected": true,
      "hyperparameters": {
        "loss": "squared_error",
        "n_estimators": 220,
        "learning_rate": 0.05,
        "max_depth": 6,
        "num_leaves": 31,
        "max_bin": 255,
        "subsample": 0.8,
        "l2_regularization": 1.0,
        "min_samples_leaf": 20,
        "min_child_weight": 20.0,
        "min_split_gain": 0.0,
        "random_state": 42
      },
      "dataset_name": "large",
      "timeout_s": 8.0,
      "reduced_from_n_samples": 320000,
      "reduction_round": 5,
      "r2_spread_for_scenario": 0.030029406282663595,
      "r2_spread_tolerance": 0.03,
      "r2_spread_within_tolerance": false
    },
    {
      "model": "sklearn_hgb_fixed",
      "threads": 1,
      "effective_threads": 1,
      "n_samples": 10000,
      "n_features": 120,
      "fit_seconds": 5.133292500000039,
      "predict_seconds": 0.06548789999999372,
      "total_seconds": 5.208654599999932,
      "peak_rss_mb": 162.875,
      "rmse": 326.59682726030417,
      "r2": 0.6490100720193384,
      "fitted_trees": 220,
      "expected_trees": 220,
      "fitted_trees_match_expected": true,
      "hyperparameters": {
        "loss": "squared_error",
        "n_estimators": 220,
        "learning_rate": 0.05,
        "max_depth": 6,
        "num_leaves": 31,
        "max_bin": 255,
        "subsample": 0.8,
        "l2_regularization": 1.0,
        "min_samples_leaf": 20,
        "min_child_weight": 20.0,
        "min_split_gain": 0.0,
        "random_state": 42
      },
      "dataset_name": "large",
      "timeout_s": 8.0,
      "reduced_from_n_samples": 320000,
      "reduction_round": 5,
      "r2_spread_for_scenario": 0.030029406282663595,
      "r2_spread_tolerance": 0.03,
      "r2_spread_within_tolerance": false
    },
    {
      "model": "xgboost_hist",
      "threads": 1,
      "effective_threads": 1,
      "n_samples": 10000,
      "n_features": 120,
      "fit_seconds": 5.680371600000058,
      "predict_seconds": 0.00793599999997241,
      "total_seconds": 5.690245000000004,
      "peak_rss_mb": 185.67578125,
      "rmse": 312.313294225526,
      "r2": 0.679039478302002,
      "fitted_trees": 220,
      "expected_trees": 220,
      "fitted_trees_match_expected": true,
      "hyperparameters": {
        "loss": "squared_error",
        "n_estimators": 220,
        "learning_rate": 0.05,
        "max_depth": 6,
        "num_leaves": 31,
        "max_bin": 255,
        "subsample": 0.8,
        "l2_regularization": 1.0,
        "min_samples_leaf": 20,
        "min_child_weight": 20.0,
        "min_split_gain": 0.0,
        "random_state": 42
      },
      "dataset_name": "large",
      "timeout_s": 8.0,
      "reduced_from_n_samples": 320000,
      "reduction_round": 5,
      "r2_spread_for_scenario": 0.030029406282663595,
      "r2_spread_tolerance": 0.03,
      "r2_spread_within_tolerance": false
    },
    {
      "model": "lightgbm_hist",
      "threads": 1,
      "effective_threads": 1,
      "n_samples": 35000,
      "n_features": 80,
      "fit_seconds": 3.6570754000000534,
      "predict_seconds": 0.0987128000000439,
      "total_seconds": 3.7576994000000923,
      "peak_rss_mb": 187.25390625,
      "rmse": 224.12208555362548,
      "r2": 0.7623344299424835,
      "fitted_trees": 220,
      "expected_trees": 220,
      "fitted_trees_match_expected": true,
      "hyperparameters": {
        "loss": "squared_error",
        "n_estimators": 220,
        "learning_rate": 0.05,
        "max_depth": 6,
        "num_leaves": 31,
        "max_bin": 255,
        "subsample": 0.8,
        "l2_regularization": 1.0,
        "min_samples_leaf": 20,
        "min_child_weight": 20.0,
        "min_split_gain": 0.0,
        "random_state": 42
      },
      "dataset_name": "medium",
      "timeout_s": 8.0,
      "reduced_from_n_samples": 140000,
      "reduction_round": 2,
      "r2_spread_for_scenario": 0.016363304846538917,
      "r2_spread_tolerance": 0.03,
      "r2_spread_within_tolerance": true
    },
    {
      "model": "sklearn_hgb_fixed",
      "threads": 1,
      "effective_threads": 1,
      "n_samples": 35000,
      "n_features": 80,
      "fit_seconds": 5.036837999999989,
      "predict_seconds": 0.20878689999995004,
      "total_seconds": 5.250099399999954,
      "peak_rss_mb": 182.22265625,
      "rmse": 231.70908479744668,
      "r2": 0.7459711250959445,
      "fitted_trees": 220,
      "expected_trees": 220,
      "fitted_trees_match_expected": true,
      "hyperparameters": {
        "loss": "squared_error",
        "n_estimators": 220,
        "learning_rate": 0.05,
        "max_depth": 6,
        "num_leaves": 31,
        "max_bin": 255,