{
  "ranked_models": [
    {
      "model": "lightgbm_hist",
      "median_total_s": 1.9606364999999641,
      "mean_total_s": 2.1635765888888474,
      "median_fit_s": 1.9436303000002226,
      "geo_mean_total_s": 2.0222559149612267,
      "mean_peak_rss_mb": 171.51909722222223,
      "mean_r2": 0.7765811268604809,
      "max_r2_spread_for_matched_scenario": 0.030029406282663595
    },
    {
      "model": "sklearn_hgb_fixed",
      "median_total_s": 3.080231900000399,
      "mean_total_s": 3.2743699222222755,
      "median_fit_s": 2.9975681000000804,
      "geo_mean_total_s": 3.1218200930414413,
      "mean_peak_rss_mb": 170.75607638888889,
      "mean_r2": 0.760866907121507,
      "max_r2_spread_for_matched_scenario": 0.030029406282663595
    },
    {
      "model": "sklearn_hgb",
      "median_total_s": 3.104325499999959,
      "mean_total_s": 3.28680565555563,
      "median_fit_s": 3.0146953999997095,
      "geo_mean_total_s": 3.134484958401211,
      "mean_peak_rss_mb": 170.83289930555554,
      "mean_r2": 0.760866907121507,
      "max_r2_spread_for_matched_scenario": 0.030029406282663595
    },
    {
      "model": "xgboost_hist",
      "median_total_s": 3.699027499999829,
      "mean_total_s": 3.934015311111226,
      "median_fit_s": 3.6848187000000507,
      "geo_mean_total_s": 3.7757425424982007,
      "mean_peak_rss_mb": 187.99088541666666,
      "mean_r2": 0.7763421999083625,
      "max_r2_spread_for_matched_scenario": 0.030029406282663595
    }
  ],
  "single_thread_runs": [
    {
      "model": "lightgbm_hist",
      "threads": 1,
      "effective_threads": 1,
      "n_samples": 10000,
      "n_features": 120,
      "fit_seconds": 3.2600676999995812,
      "predict_seconds": 0.029239899999993213,
      "total_seconds": 3.298146799999813,
      "peak_rss_mb": 159.93359375,
      "rmse": 314.59586649240043,
      "r2": 0.6743307489608431,
      "fitted_trees": 220,
      "expected_trees": 220,
      "fitted_trees_match_expected": true,
      "hyperparameters": {
        "loss": "squared_error",
        "n_estimators": 220,
        "learning_rate": 0.05,
        "max_depth": 6,
        "num_leaves": 31,
        "max_bin": 255,
        "subsample": 0.8,
        "l2_regularization": 1.0,
        "min_samples_leaf": 20,
        "min_child_weight": 20.0,
        "min_split_gain": 0.0,
        "random_state": 42
      },
      "dataset_name": "large",
      "timeout_s": 8.0,
      "reduced_from_n_samples": 320000,
      "reduction_round": 5,
      "r2_spread_for_scenario": 0.030029406282663595,
      "r2_spread_tolerance": 0.03,
      "r2_spread_within_tolerance": false
    },
    {
      "model": "sklearn_hgb_fixed",
      "threads": 1,
      "effective_threads": 1,
      "n_samples": 10000,
      "n_features": 120,
      "fit_seconds": 4.844384999999875,
      "predict_seconds": 0.06566370000018651,
      "total_seconds": 4.916513700000451,
      "peak_rss_mb": 163.2734375,
      "rmse": 326.59682726030417,
      "r2": 0.6490100720193384,
      "fitted_trees": 220,
      "expected_trees": 220,
      "fitted_trees_match_expected": true,
      "hyperparameters": {
        "loss": "squared_error",
        "n_estimators": 220,
        "learning_rate": 0.05,
        "max_depth": 6,
        "num_leaves": 31,
        "max_bin": 255,
        "subsample": 0.8,
        "l2_regularization": 1.0,
        "min_samples_leaf": 20,
        "min_child_weight": 20.0,
        "min_split_gain": 0.0,
        "random_state": 42
      },
      "dataset_name": "large",
      "timeout_s": 8.0,
      "reduced_from_n_samples": 320000,
      "reduction_round": 5,
      "r2_spread_for_scenario": 0.030029406282663595,
      "r2_spread_tolerance": 0.03,
      "r2_spread_within_tolerance": false
    },
    {
      "model": "sklearn_hgb",
      "threads": 1,
      "effective_threads": 1,
      "n_samples": 10000,
      "n_features": 120,
      "fit_seconds": 4.849240900000041,
      "predict_seconds": 0.06743570000026011,
      "total_seconds": 4.921346300000096,
      "peak_rss_mb": 162.8828125,
      "rmse": 326.59682726030417,
      "r2": 0.6490100720193384,
      "fitted_trees": 220,
      "expected_trees": 220,
      "fitted_trees_match_expected": true,
      "hyperparameters": {
        "loss": "squared_error",
        "n_estimators": 220,
        "learning_rate": 0.05,
        "max_depth": 6,
        "num_leaves": 31,
        "max_bin": 255,
        "subsample": 0.8,
        "l2_regularization": 1.0,
        "min_samples_leaf": 20,
        "min_child_weight": 20.0,
        "min_split_gain": 0.0,
        "random_state": 42
      },
      "dataset_name": "large",
      "timeout_s": 8.0,
      "reduced_from_n_samples": 320000,
      "reduction_round": 5,
      "r2_spread_for_scenario": 0.030029406282663595,
      "r2_spread_tolerance": 0.03,
      "r2_spread_within_tolerance": false
    },
    {
      "model": "xgboost_hist",
      "threads": 1,
      "effective_threads": 1,
      "n_samples": 10000,
      "n_features": 120,
      "fit_seconds": 5.564952000000176,
      "predict_seconds": 0.007961499999964872,
      "total_seconds": 5.581390700000156,
      "peak_rss_mb": 177.60546875,
      "rmse": 312.313294225526,
      "r2": 0.679039478302002,
      "fitted_trees": 220,
      "expected_trees": 220,
      "fitted_trees_match_expected": true,
      "hyperparameters": {
        "loss": "squared_error",
        "n_estimators": 220,
        "learning_rate": 0.05,
        "max_depth": 6,
        "num_leaves": 31,
        "max_bin": 255,
        "subsample": 0.8,
        "l2_regularization": 1.0,
        "min_samples_leaf": 20,
        "min_child_weight": 20.0,
        "min_split_gain": 0.0,
        "random_state": 42
      },
      "dataset_name": "large",
      "timeout_s": 8.0,
      "reduced_from_n_samples": 320000,
      "reduction_round": 5,
      "r2_spread_for_scenario": 0.030029406282663595,
      "r2_spread_tolerance": 0.03,
      "r2_spread_within_tolerance": false
    },
    {
      "model": "lightgbm_hist",
      "threads": 1,
      "effective_threads": 1,
      "n_samples": 35000,
      "n_features": 80,
      "fit_seconds": 3.6371965999996974,
      "predict_seconds": 0.09844370000018898,
      "total_seconds": 3.7400610999998207,
      "peak_rss_mb": 187.06640625,
      "rmse": 224.12208555362548,
      "r2": 0.7623344299424835,
      "fitted_trees": 220,
      "expected_trees": 220,
      "fitted_trees_match_expected": true,
      "hyperparameters": {
        "loss": "squared_error",
        "n_estimators": 220,
        "learning_rate": 0.05,
        "max_depth": 6,
        "num_leaves": 31,
        "max_bin": 255,
        "subsample": 0.8,
        "l2_regularization": 1.0,
        "min_samples_leaf": 20,
        "min_child_weight": 20.0,
        "min_split_gain": 0.0,
        "random_state": 42
      },
      "dataset_name": "medium",
      "timeout_s": 8.0,
      "reduced_from_n_samples": 140000,
      "reduction_round": 2,
      "r2_spread_for_scenario": 0.016363304846538917,
      "r2_spread_tolerance": 0.03,
      "r2_spread_within_tolerance": true
    },
    {
      "model": "sklearn_hgb_fixed",
      "threads": 1,
      "effective_threads": 1,
      "n_samples": 35000,
      "n_features": 80,
      "fit_seconds": 4.901114499999949,
      "predict_seconds": 0.20235890000003565,
      "total_seconds": 5.104307499999777,
      "peak_rss_mb": 182.171875,
      "rmse": 231.70908479744668,
      "r2": 0.7459711250959445,
      "fitted_trees": 220,
      "expected_trees": 220,
      "fitted_trees_match_expected": true,
      "hyperparameters": {
        "loss": "squared_error",
        "n_estimators": 220,
        "learning_rate": 0.05,
        "max_depth": 6,
        "num_leaves": 31,
        "max_bin": 255,