{
  "ranked_models": [
    {
      "model": "lightgbm_hist",
      "median_total_s": 0.7832651499998065,
      "mean_total_s": 0.8213291750000735,
      "median_fit_s": 0.7576999499999602,
      "geo_mean_total_s": 0.7414826384928189,
      "mean_peak_rss_mb": 170.955078125,
      "mean_r2": 0.7680051529015439,
      "max_r2_spread_for_matched_scenario": 0.07603847981243139
    },
    {
      "model": "sklearn_hgb_fixed",
      "median_total_s": 1.232469250000122,
      "mean_total_s": 1.221254950000116,
      "median_fit_s": 1.184023050000178,
      "geo_mean_total_s": 1.1217766920405576,
      "mean_peak_rss_mb": 166.9228515625,
      "mean_r2": 0.7360931007399751,
      "max_r2_spread_for_matched_scenario": 0.07603847981243139
    },
    {
      "model": "sklearn_hgb",
      "median_total_s": 1.2337902499998563,
      "mean_total_s": 1.2889186374999326,
      "median_fit_s": 1.2124018499998783,
      "geo_mean_total_s": 1.198749300534913,
      "mean_peak_rss_mb": 167.24072265625,
      "mean_r2": 0.7360931007399751,
      "max_r2_spread_for_matched_scenario": 0.07603847981243139
    },
    {
      "model": "xgboost_hist",
      "median_total_s": 1.5005998500000715,
      "mean_total_s": 1.5471611875000235,
      "median_fit_s": 1.4881125000001703,
      "geo_mean_total_s": 1.3816881151947487,
      "mean_peak_rss_mb": 181.73291015625,
      "mean_r2": 0.7729382738471031,
      "max_r2_spread_for_matched_scenario": 0.07603847981243139
    }
  ],
  "single_thread_runs": [
    {
      "model": "lightgbm_hist",
      "threads": 1,
      "effective_threads": 1,
      "n_samples": 1813,
      "n_features": 120,
      "fit_seconds": 1.7221238000001904,
      "predict_seconds": 0.0074666000000434,
      "total_seconds": 1.7396419000001515,
      "peak_rss_mb": 175.7578125,
      "rmse": 327.2021578935282,
      "r2": 0.5866411574359567,
      "fitted_trees": 220,
      "expected_trees": 220,
      "fitted_trees_match_expected": true,
      "total_nodes": 11256,
      "avg_nodes_per_tree": 51.163636363636364,
      "hyperparameters": {
        "loss": "squared_error",
        "n_estimators": 220,
        "learning_rate": 0.05,
        "max_depth": 6,
        "num_leaves": 31,
        "max_bin": 255,
        "subsample": 0.8,
        "l2_regularization": 1.0,
        "min_samples_leaf": 20,
        "min_child_weight": 20.0,
        "min_split_gain": 0.0,
        "random_state": 42
      },
      "dataset_name": "medium",
      "timeout_s": 5.0,
      "reduced_from_n_samples": 180000,
      "reduction_round": 9,
      "r2_spread_for_scenario": 0.06354463101177221,
      "r2_spread_tolerance": 0.03,
      "r2_spread_within_tolerance": false
    },
    {
      "model": "sklearn_hgb",
      "threads": 1,
      "effective_threads": 1,
      "n_samples": 1813,
      "n_features": 120,
      "fit_seconds": 2.171835099999953,
      "predict_seconds": 0.013835499999913736,
      "total_seconds": 2.1913125999999465,
      "peak_rss_mb": 169.4453125,
      "rmse": 348.94213669349836,
      "r2": 0.5298875570222854,
      "fitted_trees": 220,
      "expected_trees": 220,
      "fitted_trees_match_expected": true,
      "total_nodes": 12398,
      "avg_nodes_per_tree": 56.35454545454545,
      "hyperparameters": {
        "loss": "squared_error",
        "n_estimators": 220,
        "learning_rate": 0.05,
        "max_depth": 6,
        "num_leaves": 31,
        "max_bin": 255,
        "subsample": 0.8,
        "l2_regularization": 1.0,
        "min_samples_leaf": 20,
        "min_child_weight": 20.0,
        "min_split_gain": 0.0,
        "random_state": 42
      },
      "dataset_name": "medium",
      "timeout_s": 5.0,
      "reduced_from_n_samples": 180000,
      "reduction_round": 9,
      "r2_spread_for_scenario": 0.06354463101177221,
      "r2_spread_tolerance": 0.03,
      "r2_spread_within_tolerance": false
    },
    {
      "model": "sklearn_hgb_fixed",
      "threads": 1,
      "effective_threads": 1,
      "n_samples": 1813,
      "n_features": 120,
      "fit_seconds": 2.211311900000055,
      "predict_seconds": 0.014059699999961595,
      "total_seconds": 2.230339200000344,
      "peak_rss_mb": 169.2578125,
      "rmse": 348.94213669349836,
      "r2": 0.5298875570222854,
      "fitted_trees": 220,
      "expected_trees": 220,
      "fitted_trees_match_expected": true,
      "total_nodes": 12398,
      "avg_nodes_per_tree": 56.35454545454545,
      "hyperparameters": {
        "loss": "squared_error",
        "n_estimators": 220,
        "learning_rate": 0.05,
        "max_depth": 6,
        "num_leaves": 31,
        "max_bin": 255,
        "subsample": 0.8,
        "l2_regularization": 1.0,
        "min_samples_leaf": 20,
        "min_child_weight": 20.0,
        "min_split_gain": 0.0,
        "random_state": 42
      },
      "dataset_name": "medium",
      "timeout_s": 5.0,
      "reduced_from_n_samples": 180000,
      "reduction_round": 9,
      "r2_spread_for_scenario": 0.06354463101177221,
      "r2_spread_tolerance": 0.03,
      "r2_spread_within_tolerance": false
    },
    {
      "model": "xgboost_hist",
      "threads": 1,
      "effective_threads": 1,
      "n_samples": 1813,
      "n_features": 120,
      "fit_seconds": 2.985234599999785,
      "predict_seconds": 0.0026373999999123043,
      "total_seconds": 2.996592299999975,
      "peak_rss_mb": 184.296875,
      "rmse": 324.5032261010667,
      "r2": 0.5934321880340576,
      "fitted_trees": 220,
      "expected_trees": 220,
      "fitted_trees_match_expected": true,
      "total_nodes": 11426,
      "avg_nodes_per_tree": 51.93636363636364,
      "hyperparameters": {
        "loss": "squared_error",
        "n_estimators": 220,
        "learning_rate": 0.05,
        "max_depth": 6,
        "num_leaves": 31,
        "max_bin": 255,
        "subsample": 0.8,
        "l2_regularization": 1.0,
        "min_samples_leaf": 20,
        "min_child_weight": 20.0,
        "min_split_gain": 0.0,
        "random_state": 42
      },
      "dataset_name": "medium",
      "timeout_s": 5.0,
      "reduced_from_n_samples": 180000,
      "reduction_round": 9,
      "r2_spread_for_scenario": 0.06354463101177221,
      "r2_spread_tolerance": 0.03,
      "r2_spread_within_tolerance": false
    },
    {
      "model": "lightgbm_hist",
      "threads": 1,
      "effective_threads": 1,
      "n_samples": 12000,
      "n_features": 24,
      "fit_seconds": 0.7772036999999727,
      "predict_seconds": 0.03780959999994593,
      "total_seconds": 0.8217564999999922,
      "peak_rss_mb": 164.484375,
      "rmse": 48.7872923121708,
      "r2": 0.949369148367131,
      "fitted_trees": 220,
      "expected_trees": 220,
      "fitted_trees_match_expected": true,
      "total_nodes": 13386,
      "avg_nodes_per_tree": 60.845454545454544,
      "hyperparameters": {
        "loss": "squared_error",
        "n_estimators": 220,
        "learning_rate": 0.05,
        "max_depth": 6,
        "num_leaves": 31,
        "max_bin": 255,
        "subsample": 0.8,
        "l2_regularization": 1.0,
        "min_samples_leaf": 20,
        "min_child_weight": 20.0,
        "min_split_gain": 0.0,
        "random_state": 42
      },
      "dataset_name": "small",
      "timeout_s": 5.0,
      "reduced_from_n_samples": 12000,
      "reduction_round": 0,
      "r2_spread_for_scenario": 0.007070503909466175,
      "r2_spread_tolerance": 0.03,
      "r2_spread_within_tolerance": true
    },
    {
      "model": "sklearn_hgb",
      "threads": 1,
      "effective_threads": 1,
      "n_samples": 12000,
      "n_features": 24,
      "fit_seconds": 0.9118775000001733,
      "predict_seconds": 0.07465229999979783,
      "total_seconds": 0.9883122000001094,
      "peak_rss_mb": 164.1640625,