{
  "ranked_models": [
    {
      "model": "lightgbm_hist",
      "median_total_s": 1.868639099999939,
      "mean_total_s": 1.8175440249999895,
      "median_fit_s": 0.5129413916666673,
      "geo_mean_total_s": 1.8100599141189684,
      "mean_peak_rss_mb": 171.77490234375,
      "mean_r2": 0.7514363037264347,
      "max_r2_spread_for_matched_scenario": 0.07319900184922423
    },
    {
      "model": "sklearn_hgb_fixed",
      "median_total_s": 1.8747666999999524,
      "mean_total_s": 1.8805116999999711,
      "median_fit_s": 0.9887897750000434,
      "geo_mean_total_s": 1.866058175076222,
      "mean_peak_rss_mb": 165.3203125,
      "mean_r2": 0.7207338341940823,
      "max_r2_spread_for_matched_scenario": 0.07319900184922423
    },
    {
      "model": "sklearn_hgb",
      "median_total_s": 1.889146500000038,
      "mean_total_s": 1.975559225000012,
      "median_fit_s": 1.0506345500000691,
      "geo_mean_total_s": 1.9583844334685483,
      "mean_peak_rss_mb": 165.9033203125,
      "mean_r2": 0.7207338341940823,
      "max_r2_spread_for_matched_scenario": 0.07319900184922423
    },
    {
      "model": "xgboost_hist",
      "median_total_s": 2.032697600000006,
      "mean_total_s": 2.095429299999992,
      "median_fit_s": 1.305981250000002,
      "geo_mean_total_s": 2.0767950624707434,
      "mean_peak_rss_mb": 185.8876953125,
      "mean_r2": 0.7498374655842781,
      "max_r2_spread_for_matched_scenario": 0.07319900184922423
    }
  ],
  "single_thread_runs": [
    {
      "model": "lightgbm_hist",
      "threads": 1,
      "effective_threads": 1,
      "n_samples": 1087,
      "n_features": 120,
      "fit_seconds": 1.2369577000000618,
      "predict_seconds": 0.0037518082089553926,
      "total_seconds": 1.7408223999999564,
      "peak_rss_mb": 174.80078125,
      "rmse": 357.96316548447476,
      "r2": 0.5535034590857383,
      "fitted_trees": 220,
      "expected_trees": 220,
      "fitted_trees_match_expected": true,
      "total_nodes": 8646,
      "avg_nodes_per_tree": 39.3,
      "hyperparameters": {
        "loss": "squared_error",
        "n_estimators": 220,
        "learning_rate": 0.05,
        "max_depth": 6,
        "num_leaves": 31,
        "max_bin": 255,
        "subsample": 0.8,
        "l2_regularization": 1.0,
        "min_samples_leaf": 20,
        "min_child_weight": 20.0,
        "min_split_gain": 0.0,
        "random_state": 42
      },
      "dataset_name": "medium",
      "timeout_s": 5.0,
      "reduced_from_n_samples": 180000,
      "reduction_round": 10,
      "r2_spread_for_scenario": 0.05433443515523839,
      "r2_spread_tolerance": 0.03,
      "r2_spread_within_tolerance": false
    },
    {
      "model": "sklearn_hgb",
      "threads": 1,
      "effective_threads": 1,
      "n_samples": 1087,
      "n_features": 120,
      "fit_seconds": 1.579121299999997,
      "predict_seconds": 0.008009657142856163,
      "total_seconds": 2.0926921999999877,
      "peak_rss_mb": 165.875,
      "rmse": 379.11841629629504,
      "r2": 0.4991690239304999,
      "fitted_trees": 220,
      "expected_trees": 220,
      "fitted_trees_match_expected": true,
      "total_nodes": 9918,
      "avg_nodes_per_tree": 45.08181818181818,
      "hyperparameters": {
        "loss": "squared_error",
        "n_estimators": 220,
        "learning_rate": 0.05,
        "max_depth": 6,
        "num_leaves": 31,
        "max_bin": 255,
        "subsample": 0.8,
        "l2_regularization": 1.0,
        "min_samples_leaf": 20,
        "min_child_weight": 20.0,
        "min_split_gain": 0.0,
        "random_state": 42
      },
      "dataset_name": "medium",
      "timeout_s": 5.0,
      "reduced_from_n_samples": 180000,
      "reduction_round": 10,
      "r2_spread_for_scenario": 0.05433443515523839,
      "r2_spread_tolerance": 0.03,
      "r2_spread_within_tolerance": false
    },
    {
      "model": "sklearn_hgb_fixed",
      "threads": 1,
      "effective_threads": 1,
      "n_samples": 1087,
      "n_features": 120,
      "fit_seconds": 1.6068398999999545,
      "predict_seconds": 0.008165635483870178,
      "total_seconds": 2.115808599999923,
      "peak_rss_mb": 166.05859375,
      "rmse": 379.11841629629504,
      "r2": 0.4991690239304999,
      "fitted_trees": 220,
      "expected_trees": 220,
      "fitted_trees_match_expected": true,
      "total_nodes": 9918,
      "avg_nodes_per_tree": 45.08181818181818,
      "hyperparameters": {
        "loss": "squared_error",
        "n_estimators": 220,
        "learning_rate": 0.05,
        "max_depth": 6,
        "num_leaves": 31,
        "max_bin": 255,
        "subsample": 0.8,
        "l2_regularization": 1.0,
        "min_samples_leaf": 20,
        "min_child_weight": 20.0,
        "min_split_gain": 0.0,
        "random_state": 42
      },
      "dataset_name": "medium",
      "timeout_s": 5.0,
      "reduced_from_n_samples": 180000,
      "reduction_round": 10,
      "r2_spread_for_scenario": 0.05433443515523839,
      "r2_spread_tolerance": 0.03,
      "r2_spread_within_tolerance": false
    },
    {
      "model": "xgboost_hist",
      "threads": 1,
      "effective_threads": 1,
      "n_samples": 1087,
      "n_features": 120,
      "fit_seconds": 2.2539013000000523,
      "predict_seconds": 0.001454750867052135,
      "total_seconds": 2.764714799999979,
      "peak_rss_mb": 196.65234375,
      "rmse": 359.5184387656633,
      "r2": 0.5496151447296143,
      "fitted_trees": 220,
      "expected_trees": 220,
      "fitted_trees_match_expected": true,
      "total_nodes": 8638,
      "avg_nodes_per_tree": 39.263636363636365,
      "hyperparameters": {
        "loss": "squared_error",
        "n_estimators": 220,
        "learning_rate": 0.05,
        "max_depth": 6,
        "num_leaves": 31,
        "max_bin": 255,
        "subsample": 0.8,
        "l2_regularization": 1.0,
        "min_samples_leaf": 20,
        "min_child_weight": 20.0,
        "min_split_gain": 0.0,
        "random_state": 42
      },
      "dataset_name": "medium",
      "timeout_s": 5.0,
      "reduced_from_n_samples": 180000,
      "reduction_round": 10,
      "r2_spread_for_scenario": 0.05433443515523839,
      "r2_spread_tolerance": 0.03,
      "r2_spread_within_tolerance": false
    },
    {
      "model": "xgboost_hist",
      "threads": 1,
      "effective_threads": 1,
      "n_samples": 12000,
      "n_features": 24,
      "fit_seconds": 1.1699601000000257,
      "predict_seconds": 0.00850157288135637,
      "total_seconds": 1.6740477999999257,
      "peak_rss_mb": 169.72265625,
      "rmse": 49.029024208561914,
      "r2": 0.9488661885261536,
      "fitted_trees": 220,
      "expected_trees": 220,
      "fitted_trees_match_expected": true,
      "total_nodes": 13394,
      "avg_nodes_per_tree": 60.88181818181818,
      "hyperparameters": {
        "loss": "squared_error",
        "n_estimators": 220,
        "learning_rate": 0.05,
        "max_depth": 6,
        "num_leaves": 31,
        "max_bin": 255,
        "subsample": 0.8,
        "l2_regularization": 1.0,
        "min_samples_leaf": 20,
        "min_child_weight": 20.0,
        "min_split_gain": 0.0,
        "random_state": 42
      },
      "dataset_name": "small",
      "timeout_s": 5.0,
      "reduced_from_n_samples": 12000,
      "reduction_round": 0,
      "r2_spread_for_scenario": 0.007070503909466175,
      "r2_spread_tolerance": 0.03,
      "r2_spread_within_tolerance": true
    },
    {
      "model": "lightgbm_hist",
      "threads": 1,
      "effective_threads": 1,
      "n_samples": 12000,
      "n_features": 24,
      "fit_seconds": 0.7266252999999665,
      "predict_seconds": 0.035376733333335623,
      "total_seconds": 1.9876840999999104,
      "peak_rss_mb": 165.3046875,