{
  "ranked_models": [
    {
      "model": "lightgbm_hist",
      "median_total_s": 0.6312061500000254,
      "mean_total_s": 0.6743568374999427,
      "median_fit_s": 0.6132371000001058,
      "geo_mean_total_s": 0.643079334832726,
      "mean_peak_rss_mb": 170.755859375,
      "mean_r2": 0.7514363037264347,
      "max_r2_spread_for_matched_scenario": 0.07319900184922423
    },
    {
      "model": "sklearn_hgb_fixed",
      "median_total_s": 1.114755950000017,
      "mean_total_s": 1.141240512500076,
      "median_fit_s": 1.07856175000029,
      "geo_mean_total_s": 1.0803114343730942,
      "mean_peak_rss_mb": 165.228515625,
      "mean_r2": 0.7207338341940823,
      "max_r2_spread_for_matched_scenario": 0.07319900184922423
    },
    {
      "model": "sklearn_hgb",
      "median_total_s": 1.2468013999998675,
      "mean_total_s": 1.232403962499859,
      "median_fit_s": 1.227688199999875,
      "geo_mean_total_s": 1.1756934216047479,
      "mean_peak_rss_mb": 165.56640625,
      "mean_r2": 0.7207338341940823,
      "max_r2_spread_for_matched_scenario": 0.07319900184922423
    },
    {
      "model": "xgboost_hist",
      "median_total_s": 1.4433439000001727,
      "mean_total_s": 1.4362046625001312,
      "median_fit_s": 1.4282464999998865,
      "geo_mean_total_s": 1.3484735436274102,
      "mean_peak_rss_mb": 183.20703125,
      "mean_r2": 0.7498374655842781,
      "max_r2_spread_for_matched_scenario": 0.07319900184922423
    }
  ],
  "single_thread_runs": [
    {
      "model": "lightgbm_hist",
      "threads": 1,
      "effective_threads": 1,
      "n_samples": 1087,
      "n_features": 120,
      "fit_seconds": 1.1909149000002799,
      "predict_seconds": 0.004971899999873131,
      "total_seconds": 1.2034810000000107,
      "peak_rss_mb": 175.86328125,
      "rmse": 357.96316548447476,
      "r2": 0.5535034590857383,
      "fitted_trees": 220,
      "expected_trees": 220,
      "fitted_trees_match_expected": true,
      "total_nodes": 8646,
      "avg_nodes_per_tree": 39.3,
      "hyperparameters": {
        "loss": "squared_error",
        "n_estimators": 220,
        "learning_rate": 0.05,
        "max_depth": 6,
        "num_leaves": 31,
        "max_bin": 255,
        "subsample": 0.8,
        "l2_regularization": 1.0,
        "min_samples_leaf": 20,
        "min_child_weight": 20.0,
        "min_split_gain": 0.0,
        "random_state": 42
      },
      "dataset_name": "medium",
      "timeout_s": 5.0,
      "reduced_from_n_samples": 180000,
      "reduction_round": 10,
      "r2_spread_for_scenario": 0.05433443515523839,
      "r2_spread_tolerance": 0.03,
      "r2_spread_within_tolerance": false
    },
    {
      "model": "sklearn_hgb_fixed",
      "threads": 1,
      "effective_threads": 1,
      "n_samples": 1087,
      "n_features": 120,
      "fit_seconds": 1.8737458999999035,
      "predict_seconds": 0.006724500000018452,
      "total_seconds": 1.883247300000221,
      "peak_rss_mb": 166.21875,
      "rmse": 379.11841629629504,
      "r2": 0.4991690239304999,
      "fitted_trees": 220,
      "expected_trees": 220,
      "fitted_trees_match_expected": true,
      "total_nodes": 9918,
      "avg_nodes_per_tree": 45.08181818181818,
      "hyperparameters": {
        "loss": "squared_error",
        "n_estimators": 220,
        "learning_rate": 0.05,
        "max_depth": 6,
        "num_leaves": 31,
        "max_bin": 255,
        "subsample": 0.8,
        "l2_regularization": 1.0,
        "min_samples_leaf": 20,
        "min_child_weight": 20.0,
        "min_split_gain": 0.0,
        "random_state": 42
      },
      "dataset_name": "medium",
      "timeout_s": 5.0,
      "reduced_from_n_samples": 180000,
      "reduction_round": 10,
      "r2_spread_for_scenario": 0.05433443515523839,
      "r2_spread_tolerance": 0.03,
      "r2_spread_within_tolerance": false
    },
    {
      "model": "sklearn_hgb",
      "threads": 1,
      "effective_threads": 1,
      "n_samples": 1087,
      "n_features": 120,
      "fit_seconds": 1.8790082000000439,
      "predict_seconds": 0.00673529999994571,
      "total_seconds": 1.8871006999997917,
      "peak_rss_mb": 165.6484375,
      "rmse": 379.11841629629504,
      "r2": 0.4991690239304999,
      "fitted_trees": 220,
      "expected_trees": 220,
      "fitted_trees_match_expected": true,
      "total_nodes": 9918,
      "avg_nodes_per_tree": 45.08181818181818,
      "hyperparameters": {
        "loss": "squared_error",
        "n_estimators": 220,
        "learning_rate": 0.05,
        "max_depth": 6,
        "num_leaves": 31,
        "max_bin": 255,
        "subsample": 0.8,
        "l2_regularization": 1.0,
        "min_samples_leaf": 20,
        "min_child_weight": 20.0,
        "min_split_gain": 0.0,
        "random_state": 42
      },
      "dataset_name": "medium",
      "timeout_s": 5.0,
      "reduced_from_n_samples": 180000,
      "reduction_round": 10,
      "r2_spread_for_scenario": 0.05433443515523839,
      "r2_spread_tolerance": 0.03,
      "r2_spread_within_tolerance": false
    },
    {
      "model": "xgboost_hist",
      "threads": 1,
      "effective_threads": 1,
      "n_samples": 1087,
      "n_features": 120,
      "fit_seconds": 2.3475171999998565,
      "predict_seconds": 0.0020982000000913104,
      "total_seconds": 2.3513686999999663,
      "peak_rss_mb": 194.09375,
      "rmse": 359.5184387656633,
      "r2": 0.5496151447296143,
      "fitted_trees": 220,
      "expected_trees": 220,
      "fitted_trees_match_expected": true,
      "total_nodes": 8638,
      "avg_nodes_per_tree": 39.263636363636365,
      "hyperparameters": {
        "loss": "squared_error",
        "n_estimators": 220,
        "learning_rate": 0.05,
        "max_depth": 6,
        "num_leaves": 31,
        "max_bin": 255,
        "subsample": 0.8,
        "l2_regularization": 1.0,
        "min_samples_leaf": 20,
        "min_child_weight": 20.0,
        "min_split_gain": 0.0,
        "random_state": 42
      },
      "dataset_name": "medium",
      "timeout_s": 5.0,
      "reduced_from_n_samples": 180000,
      "reduction_round": 10,
      "r2_spread_for_scenario": 0.05433443515523839,
      "r2_spread_tolerance": 0.03,
      "r2_spread_within_tolerance": false
    },
    {
      "model": "lightgbm_hist",
      "threads": 1,
      "effective_threads": 1,
      "n_samples": 12000,
      "n_features": 24,
      "fit_seconds": 0.6571577999998226,
      "predict_seconds": 0.03365489999987403,
      "total_seconds": 0.6996585999995659,
      "peak_rss_mb": 166.4765625,
      "rmse": 48.7872923121708,
      "r2": 0.949369148367131,
      "fitted_trees": 220,
      "expected_trees": 220,
      "fitted_trees_match_expected": true,
      "total_nodes": 13386,
      "avg_nodes_per_tree": 60.845454545454544,
      "hyperparameters": {
        "loss": "squared_error",
        "n_estimators": 220,
        "learning_rate": 0.05,
        "max_depth": 6,
        "num_leaves": 31,
        "max_bin": 255,
        "subsample": 0.8,
        "l2_regularization": 1.0,
        "min_samples_leaf": 20,
        "min_child_weight": 20.0,
        "min_split_gain": 0.0,
        "random_state": 42
      },
      "dataset_name": "small",
      "timeout_s": 5.0,
      "reduced_from_n_samples": 12000,
      "reduction_round": 0,
      "r2_spread_for_scenario": 0.007070503909466175,
      "r2_spread_tolerance": 0.03,
      "r2_spread_within_tolerance": true
    },
    {
      "model": "sklearn_hgb_fixed",
      "threads": 1,
      "effective_threads": 1,
      "n_samples": 12000,
      "n_features": 24,
      "fit_seconds": 0.9105659000001651,
      "predict_seconds": 0.055361899999752495,
      "total_seconds": 0.9688099999998485,
      "peak_rss_mb": 164.1171875,