{
  "ranked_models": [
    {
      "model": "lightgbm_hist",
      "median_total_s": 0.7144403999999724,
      "mean_total_s": 0.7861972124999852,
      "median_fit_s": 0.704929949999979,
      "geo_mean_total_s": 0.7185213334984754,
      "mean_peak_rss_mb": 171.2548828125,
      "mean_r2": 0.7680051529015439,
      "max_r2_spread_for_matched_scenario": 0.07603847981243139
    },
    {
      "model": "sklearn_hgb_fixed",
      "median_total_s": 1.263881600000019,
      "mean_total_s": 1.2497985999999912,
      "median_fit_s": 1.2191952999999955,
      "geo_mean_total_s": 1.1563725065085575,
      "mean_peak_rss_mb": 166.775390625,
      "mean_r2": 0.7360931007399751,
      "max_r2_spread_for_matched_scenario": 0.07603847981243139
    },
    {
      "model": "sklearn_hgb",
      "median_total_s": 1.2841959499999973,
      "mean_total_s": 1.3183537749999985,
      "median_fit_s": 1.2538002499999834,
      "geo_mean_total_s": 1.2294108311142158,
      "mean_peak_rss_mb": 167.447265625,
      "mean_r2": 0.7360931007399751,
      "max_r2_spread_for_matched_scenario": 0.07603847981243139
    },
    {
      "model": "xgboost_hist",
      "median_total_s": 1.5270694000000447,
      "mean_total_s": 1.5417128625000203,
      "median_fit_s": 1.515376300000014,
      "geo_mean_total_s": 1.3889396622300356,
      "mean_peak_rss_mb": 180.7607421875,
      "mean_r2": 0.7729382738471031,
      "max_r2_spread_for_matched_scenario": 0.07603847981243139
    }
  ],
  "single_thread_runs": [
    {
      "model": "lightgbm_hist",
      "threads": 1,
      "effective_threads": 1,
      "n_samples": 1813,
      "n_features": 120,
      "fit_seconds": 1.6442118000000505,
      "predict_seconds": 0.0075292999999874155,
      "total_seconds": 1.6577841000000149,
      "peak_rss_mb": 177.16796875,
      "rmse": 327.2021578935282,
      "r2": 0.5866411574359567,
      "fitted_trees": 220,
      "expected_trees": 220,
      "fitted_trees_match_expected": true,
      "total_nodes": 11256,
      "avg_nodes_per_tree": 51.163636363636364,
      "hyperparameters": {
        "loss": "squared_error",
        "n_estimators": 220,
        "learning_rate": 0.05,
        "max_depth": 6,
        "num_leaves": 31,
        "max_bin": 255,
        "subsample": 0.8,
        "l2_regularization": 1.0,
        "min_samples_leaf": 20,
        "min_child_weight": 20.0,
        "min_split_gain": 0.0,
        "random_state": 42
      },
      "dataset_name": "medium",
      "timeout_s": 5.0,
      "reduced_from_n_samples": 180000,
      "reduction_round": 9,
      "r2_spread_for_scenario": 0.06354463101177221,
      "r2_spread_tolerance": 0.03,
      "r2_spread_within_tolerance": false
    },
    {
      "model": "sklearn_hgb_fixed",
      "threads": 1,
      "effective_threads": 1,
      "n_samples": 1813,
      "n_features": 120,
      "fit_seconds": 2.1725704000000405,
      "predict_seconds": 0.013535099999955946,
      "total_seconds": 2.193263999999999,
      "peak_rss_mb": 169.01171875,
      "rmse": 348.94213669349836,
      "r2": 0.5298875570222854,
      "fitted_trees": 220,
      "expected_trees": 220,
      "fitted_trees_match_expected": true,
      "total_nodes": 12398,
      "avg_nodes_per_tree": 56.35454545454545,
      "hyperparameters": {
        "loss": "squared_error",
        "n_estimators": 220,
        "learning_rate": 0.05,
        "max_depth": 6,
        "num_leaves": 31,
        "max_bin": 255,
        "subsample": 0.8,
        "l2_regularization": 1.0,
        "min_samples_leaf": 20,
        "min_child_weight": 20.0,
        "min_split_gain": 0.0,
        "random_state": 42
      },
      "dataset_name": "medium",
      "timeout_s": 5.0,
      "reduced_from_n_samples": 180000,
      "reduction_round": 9,
      "r2_spread_for_scenario": 0.06354463101177221,
      "r2_spread_tolerance": 0.03,
      "r2_spread_within_tolerance": false
    },
    {
      "model": "sklearn_hgb",
      "threads": 1,
      "effective_threads": 1,
      "n_samples": 1813,
      "n_features": 120,
      "fit_seconds": 2.1795346999999765,
      "predict_seconds": 0.013315799999986666,
      "total_seconds": 2.2029648999999836,
      "peak_rss_mb": 170.16796875,
      "rmse": 348.94213669349836,
      "r2": 0.5298875570222854,
      "fitted_trees": 220,
      "expected_trees": 220,
      "fitted_trees_match_expected": true,
      "total_nodes": 12398,
      "avg_nodes_per_tree": 56.35454545454545,
      "hyperparameters": {
        "loss": "squared_error",
        "n_estimators": 220,
        "learning_rate": 0.05,
        "max_depth": 6,
        "num_leaves": 31,
        "max_bin": 255,
        "subsample": 0.8,
        "l2_regularization": 1.0,
        "min_samples_leaf": 20,
        "min_child_weight": 20.0,
        "min_split_gain": 0.0,
        "random_state": 42
      },
      "dataset_name": "medium",
      "timeout_s": 5.0,
      "reduced_from_n_samples": 180000,
      "reduction_round": 9,
      "r2_spread_for_scenario": 0.06354463101177221,
      "r2_spread_tolerance": 0.03,
      "r2_spread_within_tolerance": false
    },
    {
      "model": "xgboost_hist",
      "threads": 1,
      "effective_threads": 1,
      "n_samples": 1813,
      "n_features": 120,
      "fit_seconds": 2.858863900000017,
      "predict_seconds": 0.002369799999996758,
      "total_seconds": 2.8663581000000136,
      "peak_rss_mb": 194.05859375,
      "rmse": 324.5032261010667,
      "r2": 0.5934321880340576,
      "fitted_trees": 220,
      "expected_trees": 220,
      "fitted_trees_match_expected": true,
      "total_nodes": 11426,
      "avg_nodes_per_tree": 51.93636363636364,
      "hyperparameters": {
        "loss": "squared_error",
        "n_estimators": 220,
        "learning_rate": 0.05,
        "max_depth": 6,
        "num_leaves": 31,
        "max_bin": 255,
        "subsample": 0.8,
        "l2_regularization": 1.0,
        "min_samples_leaf": 20,
        "min_child_weight": 20.0,
        "min_split_gain": 0.0,
        "random_state": 42
      },
      "dataset_name": "medium",
      "timeout_s": 5.0,
      "reduced_from_n_samples": 180000,
      "reduction_round": 9,
      "r2_spread_for_scenario": 0.06354463101177221,
      "r2_spread_tolerance": 0.03,
      "r2_spread_within_tolerance": false
    },
    {
      "model": "lightgbm_hist",
      "threads": 1,
      "effective_threads": 1,
      "n_samples": 12000,
      "n_features": 24,
      "fit_seconds": 0.7438142000000312,
      "predict_seconds": 0.036317099999962466,
      "total_seconds": 0.7894309000000135,
      "peak_rss_mb": 164.859375,
      "rmse": 48.7872923121708,
      "r2": 0.949369148367131,
      "fitted_trees": 220,
      "expected_trees": 220,
      "fitted_trees_match_expected": true,
      "total_nodes": 13386,
      "avg_nodes_per_tree": 60.845454545454544,
      "hyperparameters": {
        "loss": "squared_error",
        "n_estimators": 220,
        "learning_rate": 0.05,
        "max_depth": 6,
        "num_leaves": 31,
        "max_bin": 255,
        "subsample": 0.8,
        "l2_regularization": 1.0,
        "min_samples_leaf": 20,
        "min_child_weight": 20.0,
        "min_split_gain": 0.0,
        "random_state": 42
      },
      "dataset_name": "small",
      "timeout_s": 5.0,
      "reduced_from_n_samples": 12000,
      "reduction_round": 0,
      "r2_spread_for_scenario": 0.007070503909466175,
      "r2_spread_tolerance": 0.03,
      "r2_spread_within_tolerance": true
    },
    {
      "model": "sklearn_hgb_fixed",
      "threads": 1,
      "effective_threads": 1,
      "n_samples": 12000,
      "n_features": 24,
      "fit_seconds": 0.9336112999999955,
      "predict_seconds": 0.06737399999997251,
      "total_seconds": 1.0090940000000046,