{
  "ranked_models": [
    {
      "model": "lightgbm_hist",
      "median_total_s": 0.7169806499999822,
      "mean_total_s": 0.7785103999999734,
      "median_fit_s": 0.7069844000000103,
      "geo_mean_total_s": 0.7089339684155165,
      "mean_peak_rss_mb": 171.57373046875,
      "mean_r2": 0.7680051529015439,
      "max_r2_spread_for_matched_scenario": 0.07603847981243139
    },
    {
      "model": "sklearn_hgb_fixed",
      "median_total_s": 1.2485984000000485,
      "mean_total_s": 1.2571839374999882,
      "median_fit_s": 1.203208199999949,
      "geo_mean_total_s": 1.1613612922904548,
      "mean_peak_rss_mb": 167.19189453125,
      "mean_r2": 0.7360931007399751,
      "max_r2_spread_for_matched_scenario": 0.07603847981243139
    },
    {
      "model": "sklearn_hgb",
      "median_total_s": 1.2599491500000113,
      "mean_total_s": 1.327272700000023,
      "median_fit_s": 1.2411111499999947,
      "geo_mean_total_s": 1.2375391401506701,
      "mean_peak_rss_mb": 167.07275390625,
      "mean_r2": 0.7360931007399751,
      "max_r2_spread_for_matched_scenario": 0.07603847981243139
    },
    {
      "model": "xgboost_hist",
      "median_total_s": 1.5258896999999934,
      "mean_total_s": 1.549618762499989,
      "median_fit_s": 1.5165291499999398,
      "geo_mean_total_s": 1.3856663444062938,
      "mean_peak_rss_mb": 184.11181640625,
      "mean_r2": 0.7729382738471031,
      "max_r2_spread_for_matched_scenario": 0.07603847981243139
    }
  ],
  "single_thread_runs": [
    {
      "model": "lightgbm_hist",
      "threads": 1,
      "effective_threads": 1,
      "n_samples": 1813,
      "n_features": 120,
      "fit_seconds": 1.6390812999999298,
      "predict_seconds": 0.007208400000081383,
      "total_seconds": 1.6531317000000172,
      "peak_rss_mb": 177.1875,
      "rmse": 327.2021578935282,
      "r2": 0.5866411574359567,
      "fitted_trees": 220,
      "expected_trees": 220,
      "fitted_trees_match_expected": true,
      "total_nodes": 11256,
      "avg_nodes_per_tree": 51.163636363636364,
      "hyperparameters": {
        "loss": "squared_error",
        "n_estimators": 220,
        "learning_rate": 0.05,
        "max_depth": 6,
        "num_leaves": 31,
        "max_bin": 255,
        "subsample": 0.8,
        "l2_regularization": 1.0,
        "min_samples_leaf": 20,
        "min_child_weight": 20.0,
        "min_split_gain": 0.0,
        "random_state": 42
      },
      "dataset_name": "medium",
      "timeout_s": 5.0,
      "reduced_from_n_samples": 180000,
      "reduction_round": 9,
      "r2_spread_for_scenario": 0.06354463101177221,
      "r2_spread_tolerance": 0.03,
      "r2_spread_within_tolerance": false
    },
    {
      "model": "sklearn_hgb_fixed",
      "threads": 1,
      "effective_threads": 1,
      "n_samples": 1813,
      "n_features": 120,
      "fit_seconds": 2.2197810000000118,
      "predict_seconds": 0.013330699999983153,
      "total_seconds": 2.240242099999932,
      "peak_rss_mb": 169.53515625,
      "rmse": 348.94213669349836,
      "r2": 0.5298875570222854,
      "fitted_trees": 220,
      "expected_trees": 220,
      "fitted_trees_match_expected": true,
      "total_nodes": 12398,
      "avg_nodes_per_tree": 56.35454545454545,
      "hyperparameters": {
        "loss": "squared_error",
        "n_estimators": 220,
        "learning_rate": 0.05,
        "max_depth": 6,
        "num_leaves": 31,
        "max_bin": 255,
        "subsample": 0.8,
        "l2_regularization": 1.0,
        "min_samples_leaf": 20,
        "min_child_weight": 20.0,
        "min_split_gain": 0.0,
        "random_state": 42
      },
      "dataset_name": "medium",
      "timeout_s": 5.0,
      "reduced_from_n_samples": 180000,
      "reduction_round": 9,
      "r2_spread_for_scenario": 0.06354463101177221,
      "r2_spread_tolerance": 0.03,
      "r2_spread_within_tolerance": false
    },
    {
      "model": "sklearn_hgb",
      "threads": 1,
      "effective_threads": 1,
      "n_samples": 1813,
      "n_features": 120,
      "fit_seconds": 2.2227533999999878,
      "predict_seconds": 0.013479899999992995,
      "total_seconds": 2.240941399999997,
      "peak_rss_mb": 169.52734375,
      "rmse": 348.94213669349836,
      "r2": 0.5298875570222854,
      "fitted_trees": 220,
      "expected_trees": 220,
      "fitted_trees_match_expected": true,
      "total_nodes": 12398,
      "avg_nodes_per_tree": 56.35454545454545,
      "hyperparameters": {
        "loss": "squared_error",
        "n_estimators": 220,
        "learning_rate": 0.05,
        "max_depth": 6,
        "num_leaves": 31,
        "max_bin": 255,
        "subsample": 0.8,
        "l2_regularization": 1.0,
        "min_samples_leaf": 20,
        "min_child_weight": 20.0,
        "min_split_gain": 0.0,
        "random_state": 42
      },
      "dataset_name": "medium",
      "timeout_s": 5.0,
      "reduced_from_n_samples": 180000,
      "reduction_round": 9,
      "r2_spread_for_scenario": 0.06354463101177221,
      "r2_spread_tolerance": 0.03,
      "r2_spread_within_tolerance": false
    },
    {
      "model": "xgboost_hist",
      "threads": 1,
      "effective_threads": 1,
      "n_samples": 1813,
      "n_features": 120,
      "fit_seconds": 2.878774099999987,
      "predict_seconds": 0.002531900000008136,
      "total_seconds": 2.883137599999941,
      "peak_rss_mb": 195.4609375,
      "rmse": 324.5032261010667,
      "r2": 0.5934321880340576,
      "fitted_trees": 220,
      "expected_trees": 220,
      "fitted_trees_match_expected": true,
      "total_nodes": 11426,
      "avg_nodes_per_tree": 51.93636363636364,
      "hyperparameters": {
        "loss": "squared_error",
        "n_estimators": 220,
        "learning_rate": 0.05,
        "max_depth": 6,
        "num_leaves": 31,
        "max_bin": 255,
        "subsample": 0.8,
        "l2_regularization": 1.0,
        "min_samples_leaf": 20,
        "min_child_weight": 20.0,
        "min_split_gain": 0.0,
        "random_state": 42
      },
      "dataset_name": "medium",
      "timeout_s": 5.0,
      "reduced_from_n_samples": 180000,
      "reduction_round": 9,
      "r2_spread_for_scenario": 0.06354463101177221,
      "r2_spread_tolerance": 0.03,
      "r2_spread_within_tolerance": false
    },
    {
      "model": "lightgbm_hist",
      "threads": 1,
      "effective_threads": 1,
      "n_samples": 12000,
      "n_features": 24,
      "fit_seconds": 0.7531976000000213,
      "predict_seconds": 0.03700319999995827,
      "total_seconds": 0.7997503999999935,
      "peak_rss_mb": 164.5703125,
      "rmse": 48.7872923121708,
      "r2": 0.949369148367131,
      "fitted_trees": 220,
      "expected_trees": 220,
      "fitted_trees_match_expected": true,
      "total_nodes": 13386,
      "avg_nodes_per_tree": 60.845454545454544,
      "hyperparameters": {
        "loss": "squared_error",
        "n_estimators": 220,
        "learning_rate": 0.05,
        "max_depth": 6,
        "num_leaves": 31,
        "max_bin": 255,
        "subsample": 0.8,
        "l2_regularization": 1.0,
        "min_samples_leaf": 20,
        "min_child_weight": 20.0,
        "min_split_gain": 0.0,
        "random_state": 42
      },
      "dataset_name": "small",
      "timeout_s": 5.0,
      "reduced_from_n_samples": 12000,
      "reduction_round": 0,
      "r2_spread_for_scenario": 0.007070503909466175,
      "r2_spread_tolerance": 0.03,
      "r2_spread_within_tolerance": true
    },
    {
      "model": "sklearn_hgb_fixed",
      "threads": 1,
      "effective_threads": 1,
      "n_samples": 12000,
      "n_features": 24,
      "fit_seconds": 0.9339801999999509,
      "predict_seconds": 0.06772320000004584,
      "total_seconds": 1.00847710000005,
      "peak_rss_mb": 163.97265625,