{
  "ranked_models": [
    {
      "model": "lightgbm_hist",
      "median_total_s": 0.7236928500000204,
      "mean_total_s": 0.7918964500000053,
      "median_fit_s": 0.7105410999998867,
      "geo_mean_total_s": 0.7120182508890418,
      "mean_peak_rss_mb": 171.15559895833334,
      "mean_r2": 0.7680051529015439,
      "max_r2_spread_for_matched_scenario": 0.06542181969432836
    },
    {
      "model": "sklearn_hgb_fixed",
      "median_total_s": 1.231918549999932,
      "mean_total_s": 1.2887471833333468,
      "median_fit_s": 1.1943734500000573,
      "geo_mean_total_s": 1.1917989017530848,
      "mean_peak_rss_mb": 167.00911458333334,
      "mean_r2": 0.7360931007399751,
      "max_r2_spread_for_matched_scenario": 0.06542181969432836
    },
    {
      "model": "sklearn_hgb",
      "median_total_s": 1.2470056500001192,
      "mean_total_s": 1.380567833333392,
      "median_fit_s": 1.231025499999987,
      "geo_mean_total_s": 1.29629728185943,
      "mean_peak_rss_mb": 167.70963541666666,
      "mean_r2": 0.7360931007399751,
      "max_r2_spread_for_matched_scenario": 0.06542181969432836
    },
    {
      "model": "xgboost_hist",
      "median_total_s": 1.5254479999998694,
      "mean_total_s": 1.5609011166665898,
      "median_fit_s": 1.5167901999999458,
      "geo_mean_total_s": 1.3963317837681013,
      "mean_peak_rss_mb": 182.458984375,
      "mean_r2": 0.7714486420154572,
      "max_r2_spread_for_matched_scenario": 0.06542181969432836
    }
  ],
  "single_thread_runs": [
    {
      "model": "lightgbm_hist",
      "threads": 1,
      "effective_threads": 1,
      "n_samples": 1813,
      "n_features": 120,
      "fit_seconds": 1.6116837999998097,
      "predict_seconds": 0.007531400000061694,
      "total_seconds": 1.6290255999999772,
      "peak_rss_mb": 175.68359375,
      "rmse": 327.2021578935282,
      "r2": 0.5866411574359567,
      "fitted_trees": 220,
      "expected_trees": 220,
      "fitted_trees_match_expected": true,
      "total_nodes": 11256,
      "avg_nodes_per_tree": 51.163636363636364,
      "hyperparameters": {
        "loss": "squared_error",
        "n_estimators": 220,
        "learning_rate": 0.05,
        "max_depth": 6,
        "num_leaves": 31,
        "max_bin": 255,
        "subsample": 0.8,
        "l2_regularization": 1.0,
        "min_samples_leaf": 20,
        "min_child_weight": 20.0,
        "min_split_gain": 0.0,
        "random_state": 42
      },
      "dataset_name": "large",
      "timeout_s": 5.0,
      "reduced_from_n_samples": 180000,
      "reduction_round": 9,
      "r2_spread_for_scenario": 0.06354463101177221,
      "r2_spread_tolerance": 0.03,
      "r2_spread_within_tolerance": false
    },
    {
      "model": "sklearn_hgb_fixed",
      "threads": 1,
      "effective_threads": 1,
      "n_samples": 1813,
      "n_features": 120,
      "fit_seconds": 2.1947918000000755,
      "predict_seconds": 0.013528899999982968,
      "total_seconds": 2.213784300000043,
      "peak_rss_mb": 169.234375,
      "rmse": 348.94213669349836,
      "r2": 0.5298875570222854,
      "fitted_trees": 220,
      "expected_trees": 220,
      "fitted_trees_match_expected": true,
      "total_nodes": 12398,
      "avg_nodes_per_tree": 56.35454545454545,
      "hyperparameters": {
        "loss": "squared_error",
        "n_estimators": 220,
        "learning_rate": 0.05,
        "max_depth": 6,
        "num_leaves": 31,
        "max_bin": 255,
        "subsample": 0.8,
        "l2_regularization": 1.0,
        "min_samples_leaf": 20,
        "min_child_weight": 20.0,
        "min_split_gain": 0.0,
        "random_state": 42
      },
      "dataset_name": "large",
      "timeout_s": 5.0,
      "reduced_from_n_samples": 180000,
      "reduction_round": 9,
      "r2_spread_for_scenario": 0.06354463101177221,
      "r2_spread_tolerance": 0.03,
      "r2_spread_within_tolerance": false
    },
    {
      "model": "sklearn_hgb",
      "threads": 1,
      "effective_threads": 1,
      "n_samples": 1813,
      "n_features": 120,
      "fit_seconds": 2.224570999999969,
      "predict_seconds": 0.0139472000000751,
      "total_seconds": 2.2460011000000577,
      "peak_rss_mb": 169.61328125,
      "rmse": 348.94213669349836,
      "r2": 0.5298875570222854,
      "fitted_trees": 220,
      "expected_trees": 220,
      "fitted_trees_match_expected": true,
      "total_nodes": 12398,
      "avg_nodes_per_tree": 56.35454545454545,
      "hyperparameters": {
        "loss": "squared_error",
        "n_estimators": 220,
        "learning_rate": 0.05,
        "max_depth": 6,
        "num_leaves": 31,
        "max_bin": 255,
        "subsample": 0.8,
        "l2_regularization": 1.0,
        "min_samples_leaf": 20,
        "min_child_weight": 20.0,
        "min_split_gain": 0.0,
        "random_state": 42
      },
      "dataset_name": "large",
      "timeout_s": 5.0,
      "reduced_from_n_samples": 180000,
      "reduction_round": 9,
      "r2_spread_for_scenario": 0.06354463101177221,
      "r2_spread_tolerance": 0.03,
      "r2_spread_within_tolerance": false
    },
    {
      "model": "xgboost_hist",
      "threads": 1,
      "effective_threads": 1,
      "n_samples": 1813,
      "n_features": 120,
      "fit_seconds": 2.8325694000000112,
      "predict_seconds": 0.002411299999948824,
      "total_seconds": 2.8406413000000157,
      "peak_rss_mb": 199.85546875,
      "rmse": 324.5032261010667,
      "r2": 0.5934321880340576,
      "fitted_trees": 220,
      "expected_trees": 220,
      "fitted_trees_match_expected": true,
      "total_nodes": 11426,
      "avg_nodes_per_tree": 51.93636363636364,
      "hyperparameters": {
        "loss": "squared_error",
        "n_estimators": 220,
        "learning_rate": 0.05,
        "max_depth": 6,
        "num_leaves": 31,
        "max_bin": 255,
        "subsample": 0.8,
        "l2_regularization": 1.0,
        "min_samples_leaf": 20,
        "min_child_weight": 20.0,
        "min_split_gain": 0.0,
        "random_state": 42
      },
      "dataset_name": "large",
      "timeout_s": 5.0,
      "reduced_from_n_samples": 180000,
      "reduction_round": 9,
      "r2_spread_for_scenario": 0.06354463101177221,
      "r2_spread_tolerance": 0.03,
      "r2_spread_within_tolerance": false
    },
    {
      "model": "lightgbm_hist",
      "threads": 1,
      "effective_threads": 1,
      "n_samples": 12000,
      "n_features": 24,
      "fit_seconds": 0.7472124999999323,
      "predict_seconds": 0.03716589999999087,
      "total_seconds": 0.7908823000000211,
      "peak_rss_mb": 166.42578125,
      "rmse": 48.7872923121708,
      "r2": 0.949369148367131,
      "fitted_trees": 220,
      "expected_trees": 220,
      "fitted_trees_match_expected": true,
      "total_nodes": 13386,
      "avg_nodes_per_tree": 60.845454545454544,
      "hyperparameters": {
        "loss": "squared_error",
        "n_estimators": 220,
        "learning_rate": 0.05,
        "max_depth": 6,
        "num_leaves": 31,
        "max_bin": 255,
        "subsample": 0.8,
        "l2_regularization": 1.0,
        "min_samples_leaf": 20,
        "min_child_weight": 20.0,
        "min_split_gain": 0.0,
        "random_state": 42
      },
      "dataset_name": "small",
      "timeout_s": 5.0,
      "reduced_from_n_samples": 12000,
      "reduction_round": 0,
      "r2_spread_for_scenario": 0.007070503909466175,
      "r2_spread_tolerance": 0.03,
      "r2_spread_within_tolerance": true
    },
    {
      "model": "sklearn_hgb",
      "threads": 1,
      "effective_threads": 1,
      "n_samples": 12000,
      "n_features": 24,
      "fit_seconds": 0.9228642000000491,
      "predict_seconds": 0.06874160000006668,
      "total_seconds": 0.9971074000000044,