{
  "ranked_models": [
    {
      "model": "lightgbm_hist",
      "median_total_s": 0.8194710070000042,
      "mean_total_s": 0.9321586957500081,
      "median_fit_s": 0.8115332174999708,
      "geo_mean_total_s": 0.7652251941606585,
      "mean_peak_rss_mb": 209.60107421875,
      "mean_r2": 0.8057597417377589,
      "max_r2_spread_for_matched_scenario": 0.028065748355557307
    },
    {
      "model": "sklearn_hgb_fixed",
      "median_total_s": 0.8225538990000132,
      "mean_total_s": 0.9852400490000086,
      "median_fit_s": 0.8057852109999715,
      "geo_mean_total_s": 0.8780503173647805,
      "mean_peak_rss_mb": 207.47216796875,
      "mean_r2": 0.7881916156052472,
      "max_r2_spread_for_matched_scenario": 0.028065748355557307
    },
    {
      "model": "xgboost_hist",
      "median_total_s": 1.1298521409999864,
      "mean_total_s": 1.3628087156250004,
      "median_fit_s": 1.1207501089999994,
      "geo_mean_total_s": 1.0794368304456594,
      "mean_peak_rss_mb": 224.79736328125,
      "mean_r2": 0.8056082427501678,
      "max_r2_spread_for_matched_scenario": 0.028065748355557307
    },
    {
      "model": "sklearn_hgb",
      "median_total_s": 1.1608270655000297,
      "mean_total_s": 1.6687832251250008,
      "median_fit_s": 1.1528050819999862,
      "geo_mean_total_s": 1.298080337332191,
      "mean_peak_rss_mb": 207.79296875,
      "mean_r2": 0.7881916156052472,
      "max_r2_spread_for_matched_scenario": 0.028065748355557307
    }
  ],
  "single_thread_runs": [
    {
      "model": "lightgbm_hist",
      "threads": 1,
      "effective_threads": 1,
      "n_samples": 5038,
      "n_features": 120,
      "fit_seconds": 1.8788242719999744,
      "predict_seconds": 0.011781683000037901,
      "total_seconds": 1.8913727550000203,
      "peak_rss_mb": 216.83984375,
      "rmse": 320.12430352889686,
      "r2": 0.6621503351083868,
      "fitted_trees": 220,
      "expected_trees": 220,
      "fitted_trees_match_expected": true,
      "total_nodes": 13326,
      "avg_nodes_per_tree": 60.57272727272727,
      "hyperparameters": {
        "loss": "squared_error",
        "n_estimators": 220,
        "learning_rate": 0.05,
        "max_depth": 6,
        "num_leaves": 31,
        "max_bin": 255,
        "subsample": 0.8,
        "l2_regularization": 1.0,
        "min_samples_leaf": 20,
        "min_child_weight": 20.0,
        "min_split_gain": 0.0,
        "random_state": 42
      },
      "dataset_name": "medium",
      "timeout_s": 5.0,
      "reduced_from_n_samples": 180000,
      "reduction_round": 7,
      "r2_spread_for_scenario": 0.028065748355557307,
      "r2_spread_tolerance": 0.03,
      "r2_spread_within_tolerance": true
    },
    {
      "model": "sklearn_hgb",
      "threads": 1,
      "effective_threads": 1,
      "n_samples": 5038,
      "n_features": 120,
      "fit_seconds": 2.2296055389999765,
      "predict_seconds": 0.013490741999987677,
      "total_seconds": 2.2469428480000033,
      "peak_rss_mb": 215.05078125,
      "rmse": 333.1557030778858,
      "r2": 0.6340845867528295,
      "fitted_trees": 220,
      "expected_trees": 220,
      "fitted_trees_match_expected": true,
      "total_nodes": 13402,
      "avg_nodes_per_tree": 60.91818181818182,
      "hyperparameters": {
        "loss": "squared_error",
        "n_estimators": 220,
        "learning_rate": 0.05,
        "max_depth": 6,
        "num_leaves": 31,
        "max_bin": 255,
        "subsample": 0.8,
        "l2_regularization": 1.0,
        "min_samples_leaf": 20,
        "min_child_weight": 20.0,
        "min_split_gain": 0.0,
        "random_state": 42
      },
      "dataset_name": "medium",
      "timeout_s": 5.0,
      "reduced_from_n_samples": 180000,
      "reduction_round": 7,
      "r2_spread_for_scenario": 0.028065748355557307,
      "r2_spread_tolerance": 0.03,
      "r2_spread_within_tolerance": true
    },
    {
      "model": "sklearn_hgb_fixed",
      "threads": 1,
      "effective_threads": 1,
      "n_samples": 5038,
      "n_features": 120,
      "fit_seconds": 2.239902132999987,
      "predict_seconds": 0.013649147000023731,
      "total_seconds": 2.2569549060000327,
      "peak_rss_mb": 215.05859375,
      "rmse": 333.1557030778858,
      "r2": 0.6340845867528295,
      "fitted_trees": 220,
      "expected_trees": 220,
      "fitted_trees_match_expected": true,
      "total_nodes": 13402,
      "avg_nodes_per_tree": 60.91818181818182,
      "hyperparameters": {
        "loss": "squared_error",
        "n_estimators": 220,
        "learning_rate": 0.05,
        "max_depth": 6,
        "num_leaves": 31,
        "max_bin": 255,
        "subsample": 0.8,
        "l2_regularization": 1.0,
        "min_samples_leaf": 20,
        "min_child_weight": 20.0,
        "min_split_gain": 0.0,
        "random_state": 42
      },
      "dataset_name": "medium",
      "timeout_s": 5.0,
      "reduced_from_n_samples": 180000,
      "reduction_round": 7,
      "r2_spread_for_scenario": 0.028065748355557307,
      "r2_spread_tolerance": 0.03,
      "r2_spread_within_tolerance": true
    },
    {
      "model": "xgboost_hist",
      "threads": 1,
      "effective_threads": 1,
      "n_samples": 5038,
      "n_features": 120,
      "fit_seconds": 3.3372643010000047,
      "predict_seconds": 0.003575112000021363,
      "total_seconds": 3.3421344940000495,
      "peak_rss_mb": 234.65625,
      "rmse": 320.449586518691,
      "r2": 0.6614633798599243,
      "fitted_trees": 220,
      "expected_trees": 220,
      "fitted_trees_match_expected": true,
      "total_nodes": 13336,
      "avg_nodes_per_tree": 60.61818181818182,
      "hyperparameters": {
        "loss": "squared_error",
        "n_estimators": 220,
        "learning_rate": 0.05,
        "max_depth": 6,
        "num_leaves": 31,
        "max_bin": 255,
        "subsample": 0.8,
        "l2_regularization": 1.0,
        "min_samples_leaf": 20,
        "min_child_weight": 20.0,
        "min_split_gain": 0.0,
        "random_state": 42
      },
      "dataset_name": "medium",
      "timeout_s": 5.0,
      "reduced_from_n_samples": 180000,
      "reduction_round": 7,
      "r2_spread_for_scenario": 0.028065748355557307,
      "r2_spread_tolerance": 0.03,
      "r2_spread_within_tolerance": true
    },
    {
      "model": "lightgbm_hist",
      "threads": 1,
      "effective_threads": 1,
      "n_samples": 12000,
      "n_features": 24,
      "fit_seconds": 0.5376731979999931,
      "predict_seconds": 0.02424499200000696,
      "total_seconds": 0.5715655220000144,
      "peak_rss_mb": 202.296875,
      "rmse": 48.7872923121708,
      "r2": 0.949369148367131,
      "fitted_trees": 220,
      "expected_trees": 220,
      "fitted_trees_match_expected": true,
      "total_nodes": 13386,
      "avg_nodes_per_tree": 60.845454545454544,
      "hyperparameters": {
        "loss": "squared_error",
        "n_estimators": 220,
        "learning_rate": 0.05,
        "max_depth": 6,
        "num_leaves": 31,
        "max_bin": 255,
        "subsample": 0.8,
        "l2_regularization": 1.0,
        "min_samples_leaf": 20,
        "min_child_weight": 20.0,
        "min_split_gain": 0.0,
        "random_state": 42
      },
      "dataset_name": "small",
      "timeout_s": 5.0,
      "reduced_from_n_samples": 12000,
      "reduction_round": 0,
      "r2_spread_for_scenario": 0.007454461182746508,
      "r2_spread_tolerance": 0.03,
      "r2_spread_within_tolerance": true
    },
    {
      "model": "sklearn_hgb_fixed",
      "threads": 1,
      "effective_threads": 1,
      "n_samples": 12000,
      "n_features": 24,
      "fit_seconds": 0.7252467239999874,
      "predict_seconds": 0.02063894700000901,
      "total_seconds": 0.7500951600000008,
      "peak_rss_mb": 198.1484375,
      "rmse": 52.08253413992273,
      "r2": 0.9422986444576649,
      "fitted_trees": 220,
      "expected_trees": 220,
      "fitted_trees_match_expected": true,
      "total_nodes": 13414,
      "avg_nodes_per_tree": 60.972727272727276,