{
  "ranked_models": [
    {
      "model": "lightgbm_hist",
      "median_total_s": 0.7154802270000005,
      "mean_total_s": 0.8400136786249988,
      "median_fit_s": 0.6915791480000024,
      "geo_mean_total_s": 0.7098882648350323,
      "mean_peak_rss_mb": 208.71142578125,
      "mean_r2": 0.7846759775541128,
      "max_r2_spread_for_matched_scenario": 0.040531791630783465
    },
    {
      "model": "sklearn_hgb_fixed",
      "median_total_s": 0.7838334495000012,
      "mean_total_s": 0.8787030056250025,
      "median_fit_s": 0.7648331300000066,
      "geo_mean_total_s": 0.8039043480970764,
      "mean_peak_rss_mb": 204.67529296875,
      "mean_r2": 0.760874829783988,
      "max_r2_spread_for_matched_scenario": 0.040531791630783465
    },
    {
      "model": "sklearn_hgb",
      "median_total_s": 0.9741964669999987,
      "mean_total_s": 1.535811488999994,
      "median_fit_s": 0.9643709479999814,
      "geo_mean_total_s": 1.188508314759021,
      "mean_peak_rss_mb": 204.98583984375,
      "mean_r2": 0.760874829783988,
      "max_r2_spread_for_matched_scenario": 0.040531791630783465
    },
    {
      "model": "xgboost_hist",
      "median_total_s": 1.0393498020000038,
      "mean_total_s": 1.190148231250003,
      "median_fit_s": 1.028927447000001,
      "geo_mean_total_s": 0.9940311936232409,
      "mean_peak_rss_mb": 221.90673828125,
      "mean_r2": 0.782728910446167,
      "max_r2_spread_for_matched_scenario": 0.040531791630783465
    }
  ],
  "single_thread_runs": [
    {
      "model": "lightgbm_hist",
      "threads": 1,
      "effective_threads": 1,
      "n_samples": 3022,
      "n_features": 120,
      "fit_seconds": 1.5263137070000141,
      "predict_seconds": 0.007722691999987319,
      "total_seconds": 1.5377568739999958,
      "peak_rss_mb": 214.62109375,
      "rmse": 327.2313404880687,
      "r2": 0.6199828067410946,
      "fitted_trees": 220,
      "expected_trees": 220,
      "fitted_trees_match_expected": true,
      "total_nodes": 12996,
      "avg_nodes_per_tree": 59.07272727272727,
      "hyperparameters": {
        "loss": "squared_error",
        "n_estimators": 220,
        "learning_rate": 0.05,
        "max_depth": 6,
        "num_leaves": 31,
        "max_bin": 255,
        "subsample": 0.8,
        "l2_regularization": 1.0,
        "min_samples_leaf": 20,
        "min_child_weight": 20.0,
        "min_split_gain": 0.0,
        "random_state": 42
      },
      "dataset_name": "medium",
      "timeout_s": 5.0,
      "reduced_from_n_samples": 180000,
      "reduction_round": 8,
      "r2_spread_for_scenario": 0.040531791630783465,
      "r2_spread_tolerance": 0.03,
      "r2_spread_within_tolerance": false
    },
    {
      "model": "sklearn_hgb_fixed",
      "threads": 1,
      "effective_threads": 1,
      "n_samples": 3022,
      "n_features": 120,
      "fit_seconds": 1.8316805329999966,
      "predict_seconds": 0.007983467999991944,
      "total_seconds": 1.8444288990000075,
      "peak_rss_mb": 209.64453125,
      "rmse": 344.2401821925205,
      "r2": 0.5794510151103112,
      "fitted_trees": 220,
      "expected_trees": 220,
      "fitted_trees_match_expected": true,
      "total_nodes": 13266,
      "avg_nodes_per_tree": 60.3,
      "hyperparameters": {
        "loss": "squared_error",
        "n_estimators": 220,
        "learning_rate": 0.05,
        "max_depth": 6,
        "num_leaves": 31,
        "max_bin": 255,
        "subsample": 0.8,
        "l2_regularization": 1.0,
        "min_samples_leaf": 20,
        "min_child_weight": 20.0,
        "min_split_gain": 0.0,
        "random_state": 42
      },
      "dataset_name": "medium",
      "timeout_s": 5.0,
      "reduced_from_n_samples": 180000,
      "reduction_round": 8,
      "r2_spread_for_scenario": 0.040531791630783465,
      "r2_spread_tolerance": 0.03,
      "r2_spread_within_tolerance": false
    },
    {
      "model": "sklearn_hgb",
      "threads": 1,
      "effective_threads": 1,
      "n_samples": 3022,
      "n_features": 120,
      "fit_seconds": 1.8579209400000138,
      "predict_seconds": 0.00868962399999873,
      "total_seconds": 1.8736778009999853,
      "peak_rss_mb": 209.65625,
      "rmse": 344.2401821925205,
      "r2": 0.5794510151103112,
      "fitted_trees": 220,
      "expected_trees": 220,
      "fitted_trees_match_expected": true,
      "total_nodes": 13266,
      "avg_nodes_per_tree": 60.3,
      "hyperparameters": {
        "loss": "squared_error",
        "n_estimators": 220,
        "learning_rate": 0.05,
        "max_depth": 6,
        "num_leaves": 31,
        "max_bin": 255,
        "subsample": 0.8,
        "l2_regularization": 1.0,
        "min_samples_leaf": 20,
        "min_child_weight": 20.0,
        "min_split_gain": 0.0,
        "random_state": 42
      },
      "dataset_name": "medium",
      "timeout_s": 5.0,
      "reduced_from_n_samples": 180000,
      "reduction_round": 8,
      "r2_spread_for_scenario": 0.040531791630783465,
      "r2_spread_tolerance": 0.03,
      "r2_spread_within_tolerance": false
    },
    {
      "model": "xgboost_hist",
      "threads": 1,
      "effective_threads": 1,
      "n_samples": 3022,
      "n_features": 120,
      "fit_seconds": 2.707678471999998,
      "predict_seconds": 0.0027315359999988686,
      "total_seconds": 2.711340766999996,
      "peak_rss_mb": 232.7578125,
      "rmse": 329.0681207971991,
      "r2": 0.6157047152519226,
      "fitted_trees": 220,
      "expected_trees": 220,
      "fitted_trees_match_expected": true,
      "total_nodes": 13032,
      "avg_nodes_per_tree": 59.236363636363635,
      "hyperparameters": {
        "loss": "squared_error",
        "n_estimators": 220,
        "learning_rate": 0.05,
        "max_depth": 6,
        "num_leaves": 31,
        "max_bin": 255,
        "subsample": 0.8,
        "l2_regularization": 1.0,
        "min_samples_leaf": 20,
        "min_child_weight": 20.0,
        "min_split_gain": 0.0,
        "random_state": 42
      },
      "dataset_name": "medium",
      "timeout_s": 5.0,
      "reduced_from_n_samples": 180000,
      "reduction_round": 8,
      "r2_spread_for_scenario": 0.040531791630783465,
      "r2_spread_tolerance": 0.03,
      "r2_spread_within_tolerance": false
    },
    {
      "model": "lightgbm_hist",
      "threads": 1,
      "effective_threads": 1,
      "n_samples": 12000,
      "n_features": 24,
      "fit_seconds": 0.5342435679999937,
      "predict_seconds": 0.02417431000000647,
      "total_seconds": 0.5675087259999998,
      "peak_rss_mb": 202.30078125,
      "rmse": 48.7872923121708,
      "r2": 0.949369148367131,
      "fitted_trees": 220,
      "expected_trees": 220,
      "fitted_trees_match_expected": true,
      "total_nodes": 13386,
      "avg_nodes_per_tree": 60.845454545454544,
      "hyperparameters": {
        "loss": "squared_error",
        "n_estimators": 220,
        "learning_rate": 0.05,
        "max_depth": 6,
        "num_leaves": 31,
        "max_bin": 255,
        "subsample": 0.8,
        "l2_regularization": 1.0,
        "min_samples_leaf": 20,
        "min_child_weight": 20.0,
        "min_split_gain": 0.0,
        "random_state": 42
      },
      "dataset_name": "small",
      "timeout_s": 5.0,
      "reduced_from_n_samples": 12000,
      "reduction_round": 0,
      "r2_spread_for_scenario": 0.007454461182746508,
      "r2_spread_tolerance": 0.03,
      "r2_spread_within_tolerance": true
    },
    {
      "model": "sklearn_hgb",
      "threads": 1,
      "effective_threads": 1,
      "n_samples": 12000,
      "n_features": 24,
      "fit_seconds": 0.7385751770000013,
      "predict_seconds": 0.02082409599999835,
      "total_seconds": 0.7598685459999999,
      "peak_rss_mb": 198.1484375,
      "rmse": 52.08253413992273,
      "r2": 0.9422986444576649,
      "fitted_trees": 220,
      "expected_trees": 220,
      "fitted_trees_match_expected": true,
      "total_nodes": 13414,
      "avg_nodes_per_tree": 60.972727272727276,