{
  "ranked_models": [
    {
      "model": "lightgbm_hist",
      "median_total_s": 0.7985305050001443,
      "mean_total_s": 0.9189431490000288,
      "median_fit_s": 0.7888542865000545,
      "geo_mean_total_s": 0.761975742483705,
      "mean_peak_rss_mb": 209.599609375,
      "mean_r2": 0.8057597417377589,
      "max_r2_spread_for_matched_scenario": 0.028065748355557307
    },
    {
      "model": "sklearn_hgb_fixed",
      "median_total_s": 0.8067737315000159,
      "mean_total_s": 0.9672941106250619,
      "median_fit_s": 0.7906929970001784,
      "geo_mean_total_s": 0.8659070600771253,
      "mean_peak_rss_mb": 207.525390625,
      "mean_r2": 0.7881916156052472,
      "max_r2_spread_for_matched_scenario": 0.028065748355557307
    },
    {
      "model": "xgboost_hist",
      "median_total_s": 1.1105883600000652,
      "mean_total_s": 1.3512968701249974,
      "median_fit_s": 1.0977128034999168,
      "geo_mean_total_s": 1.0793466084892485,
      "mean_peak_rss_mb": 224.9921875,
      "mean_r2": 0.8056082427501678,
      "max_r2_spread_for_matched_scenario": 0.028065748355557307
    },
    {
      "model": "sklearn_hgb",
      "median_total_s": 1.1233794489999127,
      "mean_total_s": 1.6116634287499778,
      "median_fit_s": 1.117096281500153,
      "geo_mean_total_s": 1.261263073477901,
      "mean_peak_rss_mb": 207.86962890625,
      "mean_r2": 0.7881916156052472,
      "max_r2_spread_for_matched_scenario": 0.028065748355557307
    }
  ],
  "single_thread_runs": [
    {
      "model": "lightgbm_hist",
      "threads": 1,
      "effective_threads": 1,
      "n_samples": 5038,
      "n_features": 120,
      "fit_seconds": 1.8438844519996564,
      "predict_seconds": 0.011667115000363992,
      "total_seconds": 1.865906458000154,
      "peak_rss_mb": 216.8515625,
      "rmse": 320.12430352889686,
      "r2": 0.6621503351083868,
      "fitted_trees": 220,
      "expected_trees": 220,
      "fitted_trees_match_expected": true,
      "total_nodes": 13326,
      "avg_nodes_per_tree": 60.57272727272727,
      "hyperparameters": {
        "loss": "squared_error",
        "n_estimators": 220,
        "learning_rate": 0.05,
        "max_depth": 6,
        "num_leaves": 31,
        "max_bin": 255,
        "subsample": 0.8,
        "l2_regularization": 1.0,
        "min_samples_leaf": 20,
        "min_child_weight": 20.0,
        "min_split_gain": 0.0,
        "random_state": 42
      },
      "dataset_name": "medium",
      "timeout_s": 5.0,
      "reduced_from_n_samples": 180000,
      "reduction_round": 7,
      "r2_spread_for_scenario": 0.028065748355557307,
      "r2_spread_tolerance": 0.03,
      "r2_spread_within_tolerance": true
    },
    {
      "model": "sklearn_hgb_fixed",
      "threads": 1,
      "effective_threads": 1,
      "n_samples": 5038,
      "n_features": 120,
      "fit_seconds": 2.133625790000224,
      "predict_seconds": 0.012671968000177003,
      "total_seconds": 2.146818901000188,
      "peak_rss_mb": 215.06640625,
      "rmse": 333.1557030778858,
      "r2": 0.6340845867528295,
      "fitted_trees": 220,
      "expected_trees": 220,
      "fitted_trees_match_expected": true,
      "total_nodes": 13402,
      "avg_nodes_per_tree": 60.91818181818182,
      "hyperparameters": {
        "loss": "squared_error",
        "n_estimators": 220,
        "learning_rate": 0.05,
        "max_depth": 6,
        "num_leaves": 31,
        "max_bin": 255,
        "subsample": 0.8,
        "l2_regularization": 1.0,
        "min_samples_leaf": 20,
        "min_child_weight": 20.0,
        "min_split_gain": 0.0,
        "random_state": 42
      },
      "dataset_name": "medium",
      "timeout_s": 5.0,
      "reduced_from_n_samples": 180000,
      "reduction_round": 7,
      "r2_spread_for_scenario": 0.028065748355557307,
      "r2_spread_tolerance": 0.03,
      "r2_spread_within_tolerance": true
    },
    {
      "model": "sklearn_hgb",
      "threads": 1,
      "effective_threads": 1,
      "n_samples": 5038,
      "n_features": 120,
      "fit_seconds": 2.1697649519996958,
      "predict_seconds": 0.01327056000036464,
      "total_seconds": 2.187373947999731,
      "peak_rss_mb": 215.5546875,
      "rmse": 333.1557030778858,
      "r2": 0.6340845867528295,
      "fitted_trees": 220,
      "expected_trees": 220,
      "fitted_trees_match_expected": true,
      "total_nodes": 13402,
      "avg_nodes_per_tree": 60.91818181818182,
      "hyperparameters": {
        "loss": "squared_error",
        "n_estimators": 220,
        "learning_rate": 0.05,
        "max_depth": 6,
        "num_leaves": 31,
        "max_bin": 255,
        "subsample": 0.8,
        "l2_regularization": 1.0,
        "min_samples_leaf": 20,
        "min_child_weight": 20.0,
        "min_split_gain": 0.0,
        "random_state": 42
      },
      "dataset_name": "medium",
      "timeout_s": 5.0,
      "reduced_from_n_samples": 180000,
      "reduction_round": 7,
      "r2_spread_for_scenario": 0.028065748355557307,
      "r2_spread_tolerance": 0.03,
      "r2_spread_within_tolerance": true
    },
    {
      "model": "xgboost_hist",
      "threads": 1,
      "effective_threads": 1,
      "n_samples": 5038,
      "n_features": 120,
      "fit_seconds": 3.298062062000099,
      "predict_seconds": 0.003552017999936652,
      "total_seconds": 3.3102474950001124,
      "peak_rss_mb": 234.6328125,
      "rmse": 320.449586518691,
      "r2": 0.6614633798599243,
      "fitted_trees": 220,
      "expected_trees": 220,
      "fitted_trees_match_expected": true,
      "total_nodes": 13336,
      "avg_nodes_per_tree": 60.61818181818182,
      "hyperparameters": {
        "loss": "squared_error",
        "n_estimators": 220,
        "learning_rate": 0.05,
        "max_depth": 6,
        "num_leaves": 31,
        "max_bin": 255,
        "subsample": 0.8,
        "l2_regularization": 1.0,
        "min_samples_leaf": 20,
        "min_child_weight": 20.0,
        "min_split_gain": 0.0,
        "random_state": 42
      },
      "dataset_name": "medium",
      "timeout_s": 5.0,
      "reduced_from_n_samples": 180000,
      "reduction_round": 7,
      "r2_spread_for_scenario": 0.028065748355557307,
      "r2_spread_tolerance": 0.03,
      "r2_spread_within_tolerance": true
    },
    {
      "model": "lightgbm_hist",
      "threads": 1,
      "effective_threads": 1,
      "n_samples": 12000,
      "n_features": 24,
      "fit_seconds": 0.5317910740000116,
      "predict_seconds": 0.024167023999780213,
      "total_seconds": 0.5605046629998469,
      "peak_rss_mb": 202.30859375,
      "rmse": 48.7872923121708,
      "r2": 0.949369148367131,
      "fitted_trees": 220,
      "expected_trees": 220,
      "fitted_trees_match_expected": true,
      "total_nodes": 13386,
      "avg_nodes_per_tree": 60.845454545454544,
      "hyperparameters": {
        "loss": "squared_error",
        "n_estimators": 220,
        "learning_rate": 0.05,
        "max_depth": 6,
        "num_leaves": 31,
        "max_bin": 255,
        "subsample": 0.8,
        "l2_regularization": 1.0,
        "min_samples_leaf": 20,
        "min_child_weight": 20.0,
        "min_split_gain": 0.0,
        "random_state": 42
      },
      "dataset_name": "small",
      "timeout_s": 5.0,
      "reduced_from_n_samples": 12000,
      "reduction_round": 0,
      "r2_spread_for_scenario": 0.007454461182746508,
      "r2_spread_tolerance": 0.03,
      "r2_spread_within_tolerance": true
    },
    {
      "model": "sklearn_hgb_fixed",
      "threads": 1,
      "effective_threads": 1,
      "n_samples": 12000,
      "n_features": 24,
      "fit_seconds": 0.7148295760002839,
      "predict_seconds": 0.020562140999572875,
      "total_seconds": 0.7385954810001749,
      "peak_rss_mb": 198.14453125,
      "rmse": 52.08253413992273,
      "r2": 0.9422986444576649,
      "fitted_trees": 220,
      "expected_trees": 220,
      "fitted_trees_match_expected": true,
      "total_nodes": 13414,
      "avg_nodes_per_tree": 60.972727272727276,