{
  "ranked_models": [
    {
      "model": "lightgbm_hist",
      "median_total_s": 1.6499724365000077,
      "mean_total_s": 1.681377282624993,
      "median_fit_s": 0.5803621767499862,
      "geo_mean_total_s": 1.6789240597638782,
      "mean_peak_rss_mb": 208.82958984375,
      "mean_r2": 0.7680051529015439,
      "max_r2_spread_for_matched_scenario": 0.05675360041367128
    },
    {
      "model": "sklearn_hgb_fixed",
      "median_total_s": 1.9147300029999883,
      "mean_total_s": 1.9175070492499913,
      "median_fit_s": 0.7012752877500077,
      "geo_mean_total_s": 1.897352397019665,
      "mean_peak_rss_mb": 202.80224609375,
      "mean_r2": 0.7360931007399751,
      "max_r2_spread_for_matched_scenario": 0.05675360041367128
    },
    {
      "model": "sklearn_hgb",
      "median_total_s": 1.9459266270000057,
      "mean_total_s": 2.2100450038750026,
      "median_fit_s": 0.870719588249969,
      "geo_mean_total_s": 2.0882351479097396,
      "mean_peak_rss_mb": 202.39697265625,
      "mean_r2": 0.7360931007399751,
      "max_r2_spread_for_matched_scenario": 0.05675360041367128
    },
    {
      "model": "xgboost_hist",
      "median_total_s": 2.087951364499986,
      "mean_total_s": 2.0779973841249912,
      "median_fit_s": 0.8795949182499925,
      "geo_mean_total_s": 2.0554687257355106,
      "mean_peak_rss_mb": 220.79833984375,
      "mean_r2": 0.7675439119338989,
      "max_r2_spread_for_matched_scenario": 0.05675360041367128
    }
  ],
  "single_thread_runs": [
    {
      "model": "lightgbm_hist",
      "threads": 1,
      "effective_threads": 1,
      "n_samples": 1813,
      "n_features": 120,
      "fit_seconds": 1.1025214879999794,
      "predict_seconds": 0.004232138319328426,
      "total_seconds": 1.6075210589999642,
      "peak_rss_mb": 213.3515625,
      "rmse": 327.2021578935282,
      "r2": 0.5866411574359567,
      "fitted_trees": 220,
      "expected_trees": 220,
      "fitted_trees_match_expected": true,
      "total_nodes": 11256,
      "avg_nodes_per_tree": 51.163636363636364,
      "hyperparameters": {
        "loss": "squared_error",
        "n_estimators": 220,
        "learning_rate": 0.05,
        "max_depth": 6,
        "num_leaves": 31,
        "max_bin": 255,
        "subsample": 0.8,
        "l2_regularization": 1.0,
        "min_samples_leaf": 20,
        "min_child_weight": 20.0,
        "min_split_gain": 0.0,
        "random_state": 42
      },
      "dataset_name": "medium",
      "timeout_s": 5.0,
      "reduced_from_n_samples": 180000,
      "reduction_round": 9,
      "r2_spread_for_scenario": 0.05675360041367128,
      "r2_spread_tolerance": 0.03,
      "r2_spread_within_tolerance": false
    },
    {
      "model": "sklearn_hgb_fixed",
      "threads": 1,
      "effective_threads": 1,
      "n_samples": 1813,
      "n_features": 120,
      "fit_seconds": 1.4099991409999575,
      "predict_seconds": 0.00477470402857177,
      "total_seconds": 1.9160699720000594,
      "peak_rss_mb": 204.4765625,
      "rmse": 348.94213669349836,
      "r2": 0.5298875570222854,
      "fitted_trees": 220,
      "expected_trees": 220,
      "fitted_trees_match_expected": true,
      "total_nodes": 12398,
      "avg_nodes_per_tree": 56.35454545454545,
      "hyperparameters": {
        "loss": "squared_error",
        "n_estimators": 220,
        "learning_rate": 0.05,
        "max_depth": 6,
        "num_leaves": 31,
        "max_bin": 255,
        "subsample": 0.8,
        "l2_regularization": 1.0,
        "min_samples_leaf": 20,
        "min_child_weight": 20.0,
        "min_split_gain": 0.0,
        "random_state": 42
      },
      "dataset_name": "medium",
      "timeout_s": 5.0,
      "reduced_from_n_samples": 180000,
      "reduction_round": 9,
      "r2_spread_for_scenario": 0.05675360041367128,
      "r2_spread_tolerance": 0.03,
      "r2_spread_within_tolerance": false
    },
    {
      "model": "sklearn_hgb",
      "threads": 1,
      "effective_threads": 1,
      "n_samples": 1813,
      "n_features": 120,
      "fit_seconds": 1.477734049999981,
      "predict_seconds": 0.004824315019230487,
      "total_seconds": 1.9894671060000064,
      "peak_rss_mb": 204.5,
      "rmse": 348.94213669349836,
      "r2": 0.5298875570222854,
      "fitted_trees": 220,
      "expected_trees": 220,
      "fitted_trees_match_expected": true,
      "total_nodes": 12398,
      "avg_nodes_per_tree": 56.35454545454545,
      "hyperparameters": {
        "loss": "squared_error",
        "n_estimators": 220,
        "learning_rate": 0.05,
        "max_depth": 6,
        "num_leaves": 31,
        "max_bin": 255,
        "subsample": 0.8,
        "l2_regularization": 1.0,
        "min_samples_leaf": 20,
        "min_child_weight": 20.0,
        "min_split_gain": 0.0,
        "random_state": 42
      },
      "dataset_name": "medium",
      "timeout_s": 5.0,
      "reduced_from_n_samples": 180000,
      "reduction_round": 9,
      "r2_spread_for_scenario": 0.05675360041367128,
      "r2_spread_tolerance": 0.03,
      "r2_spread_within_tolerance": false
    },
    {
      "model": "xgboost_hist",
      "threads": 1,
      "effective_threads": 1,
      "n_samples": 1813,
      "n_features": 120,
      "fit_seconds": 2.010445177000065,
      "predict_seconds": 0.0013173063921050542,
      "total_seconds": 2.51852920500005,
      "peak_rss_mb": 225.7421875,
      "rmse": 327.71882002716904,
      "r2": 0.5853347182273865,
      "fitted_trees": 220,
      "expected_trees": 220,
      "fitted_trees_match_expected": true,
      "total_nodes": 11618,
      "avg_nodes_per_tree": 52.80909090909091,
      "hyperparameters": {
        "loss": "squared_error",
        "n_estimators": 220,
        "learning_rate": 0.05,
        "max_depth": 6,
        "num_leaves": 31,
        "max_bin": 255,
        "subsample": 0.8,
        "l2_regularization": 1.0,
        "min_samples_leaf": 20,
        "min_child_weight": 20.0,
        "min_split_gain": 0.0,
        "random_state": 42
      },
      "dataset_name": "medium",
      "timeout_s": 5.0,
      "reduced_from_n_samples": 180000,
      "reduction_round": 9,
      "r2_spread_for_scenario": 0.05675360041367128,
      "r2_spread_tolerance": 0.03,
      "r2_spread_within_tolerance": false
    },
    {
      "model": "lightgbm_hist",
      "threads": 1,
      "effective_threads": 1,
      "n_samples": 12000,
      "n_features": 24,
      "fit_seconds": 0.5380855715000052,
      "predict_seconds": 0.023738965045455727,
      "total_seconds": 1.607812776000003,
      "peak_rss_mb": 202.9140625,
      "rmse": 48.7872923121708,
      "r2": 0.949369148367131,
      "fitted_trees": 220,
      "expected_trees": 220,
      "fitted_trees_match_expected": true,
      "total_nodes": 13386,
      "avg_nodes_per_tree": 60.845454545454544,
      "hyperparameters": {
        "loss": "squared_error",
        "n_estimators": 220,
        "learning_rate": 0.05,
        "max_depth": 6,
        "num_leaves": 31,
        "max_bin": 255,
        "subsample": 0.8,
        "l2_regularization": 1.0,
        "min_samples_leaf": 20,
        "min_child_weight": 20.0,
        "min_split_gain": 0.0,
        "random_state": 42
      },
      "dataset_name": "small",
      "timeout_s": 5.0,
      "reduced_from_n_samples": 12000,
      "reduction_round": 0,
      "r2_spread_for_scenario": 0.007454461182746508,
      "r2_spread_tolerance": 0.03,
      "r2_spread_within_tolerance": true
    },
    {
      "model": "sklearn_hgb_fixed",
      "threads": 1,
      "effective_threads": 1,
      "n_samples": 12000,
      "n_features": 24,
      "fit_seconds": 0.7136964299999988,
      "predict_seconds": 0.02040503176000129,
      "total_seconds": 1.9387920899999926,
      "peak_rss_mb": 198.3671875,
      "rmse": 52.08253413992273,
      "r2": 0.9422986444576649,
      "fitted_trees": 220,
      "expected_trees": 220,
      "fitted_trees_match_expected": true,
      "total_nodes": 13414,
      "avg_nodes_per_tree": 60.972727272727276,