{
  "ranked_models": [
    {
      "model": "lightgbm_hist",
      "median_total_s": 2.55487279150001,
      "mean_total_s": 3.8994464427500013,
      "median_fit_s": 2.017036913499993,
      "geo_mean_total_s": 3.0461978666011698,
      "mean_peak_rss_mb": 332.23974609375,
      "mean_r2": 0.8172169647019222,
      "max_r2_spread_for_matched_scenario": 0.012053314178651853
    },
    {
      "model": "sklearn_hgb_fixed",
      "median_total_s": 2.7580353540000146,
      "mean_total_s": 3.912450428500005,
      "median_fit_s": 1.8762516665000017,
      "geo_mean_total_s": 3.0714237902632533,
      "mean_peak_rss_mb": 304.7080078125,
      "mean_r2": 0.807713652821849,
      "max_r2_spread_for_matched_scenario": 0.012053314178651853
    },
    {
      "model": "xgboost_hist",
      "median_total_s": 3.4482454184999902,
      "mean_total_s": 4.819364430624996,
      "median_fit_s": 2.5192671947500163,
      "geo_mean_total_s": 3.6069883121305595,
      "mean_peak_rss_mb": 319.9716796875,
      "mean_r2": 0.8174675405025482,
      "max_r2_spread_for_matched_scenario": 0.012053314178651853
    },
    {
      "model": "sklearn_hgb",
      "median_total_s": 3.6757884189999857,
      "mean_total_s": 4.658865628500001,
      "median_fit_s": 3.1613161380000037,
      "geo_mean_total_s": 3.7536829055617473,
      "mean_peak_rss_mb": 306.064453125,
      "mean_r2": 0.807713652821849,
      "max_r2_spread_for_matched_scenario": 0.012053314178651853
    }
  ],
  "single_thread_runs": [
    {
      "model": "lightgbm_hist",
      "threads": 1,
      "effective_threads": 1,
      "n_samples": 108000,
      "n_features": 120,
      "fit_seconds": 10.168318444999983,
      "predict_seconds": 0.2237391516666681,
      "total_seconds": 10.840794103000007,
      "peak_rss_mb": 452.41015625,
      "rmse": 314.5197656224243,
      "r2": 0.6850647810367133,
      "fitted_trees": 220,
      "expected_trees": 220,
      "fitted_trees_match_expected": true,
      "total_nodes": 13420,
      "avg_nodes_per_tree": 61.0,
      "hyperparameters": {
        "loss": "squared_error",
        "n_estimators": 220,
        "learning_rate": 0.05,
        "max_depth": 6,
        "num_leaves": 31,
        "max_bin": 255,
        "subsample": 0.8,
        "l2_regularization": 1.0,
        "min_samples_leaf": 20,
        "min_child_weight": 20.0,
        "min_split_gain": 0.0,
        "random_state": 42
      },
      "dataset_name": "medium",
      "timeout_s": 20.0,
      "reduced_from_n_samples": 180000,
      "reduction_round": 1,
      "r2_spread_for_scenario": 0.012053314178651853,
      "r2_spread_tolerance": 0.03,
      "r2_spread_within_tolerance": true
    },
    {
      "model": "sklearn_hgb_fixed",
      "threads": 1,
      "effective_threads": 1,
      "n_samples": 108000,
      "n_features": 120,
      "fit_seconds": 10.479384553999978,
      "predict_seconds": 0.29904275600000574,
      "total_seconds": 11.078110156000008,
      "peak_rss_mb": 401.65625,
      "rmse": 320.4245250067948,
      "r2": 0.6731286611860332,
      "fitted_trees": 220,
      "expected_trees": 220,
      "fitted_trees_match_expected": true,
      "total_nodes": 13420,
      "avg_nodes_per_tree": 61.0,
      "hyperparameters": {
        "loss": "squared_error",
        "n_estimators": 220,
        "learning_rate": 0.05,
        "max_depth": 6,
        "num_leaves": 31,
        "max_bin": 255,
        "subsample": 0.8,
        "l2_regularization": 1.0,
        "min_samples_leaf": 20,
        "min_child_weight": 20.0,
        "min_split_gain": 0.0,
        "random_state": 42
      },
      "dataset_name": "medium",
      "timeout_s": 20.0,
      "reduced_from_n_samples": 180000,
      "reduction_round": 1,
      "r2_spread_for_scenario": 0.012053314178651853,
      "r2_spread_tolerance": 0.03,
      "r2_spread_within_tolerance": true
    },
    {
      "model": "sklearn_hgb",
      "threads": 1,
      "effective_threads": 1,
      "n_samples": 108000,
      "n_features": 120,
      "fit_seconds": 10.632847234999986,
      "predict_seconds": 0.2542079994999966,
      "total_seconds": 11.149699626,
      "peak_rss_mb": 401.66796875,
      "rmse": 320.4245250067948,
      "r2": 0.6731286611860332,
      "fitted_trees": 220,
      "expected_trees": 220,
      "fitted_trees_match_expected": true,
      "total_nodes": 13420,
      "avg_nodes_per_tree": 61.0,
      "hyperparameters": {
        "loss": "squared_error",
        "n_estimators": 220,
        "learning_rate": 0.05,
        "max_depth": 6,
        "num_leaves": 31,
        "max_bin": 255,
        "subsample": 0.8,
        "l2_regularization": 1.0,
        "min_samples_leaf": 20,
        "min_child_weight": 20.0,
        "min_split_gain": 0.0,
        "random_state": 42
      },
      "dataset_name": "medium",
      "timeout_s": 20.0,
      "reduced_from_n_samples": 180000,
      "reduction_round": 1,
      "r2_spread_for_scenario": 0.012053314178651853,
      "r2_spread_tolerance": 0.03,
      "r2_spread_within_tolerance": true
    },
    {
      "model": "xgboost_hist",
      "threads": 1,
      "effective_threads": 1,
      "n_samples": 108000,
      "n_features": 120,
      "fit_seconds": 13.28694303200001,
      "predict_seconds": 0.05102622130000043,
      "total_seconds": 13.806423316999997,
      "peak_rss_mb": 426.796875,
      "rmse": 314.46123320291804,
      "r2": 0.6851819753646851,
      "fitted_trees": 220,
      "expected_trees": 220,
      "fitted_trees_match_expected": true,
      "total_nodes": 13420,
      "avg_nodes_per_tree": 61.0,
      "hyperparameters": {
        "loss": "squared_error",
        "n_estimators": 220,
        "learning_rate": 0.05,
        "max_depth": 6,
        "num_leaves": 31,
        "max_bin": 255,
        "subsample": 0.8,
        "l2_regularization": 1.0,
        "min_samples_leaf": 20,
        "min_child_weight": 20.0,
        "min_split_gain": 0.0,
        "random_state": 42
      },
      "dataset_name": "medium",
      "timeout_s": 20.0,
      "reduced_from_n_samples": 180000,
      "reduction_round": 1,
      "r2_spread_for_scenario": 0.012053314178651853,
      "r2_spread_tolerance": 0.03,
      "r2_spread_within_tolerance": true
    },
    {
      "model": "lightgbm_hist",
      "threads": 1,
      "effective_threads": 1,
      "n_samples": 12000,
      "n_features": 24,
      "fit_seconds": 0.532712854499998,
      "predict_seconds": 0.023773082999999865,
      "total_seconds": 1.5963047169999953,
      "peak_rss_mb": 202.9140625,
      "rmse": 48.7872923121708,
      "r2": 0.949369148367131,
      "fitted_trees": 220,
      "expected_trees": 220,
      "fitted_trees_match_expected": true,
      "total_nodes": 13386,
      "avg_nodes_per_tree": 60.845454545454544,
      "hyperparameters": {
        "loss": "squared_error",
        "n_estimators": 220,
        "learning_rate": 0.05,
        "max_depth": 6,
        "num_leaves": 31,
        "max_bin": 255,
        "subsample": 0.8,
        "l2_regularization": 1.0,
        "min_samples_leaf": 20,
        "min_child_weight": 20.0,
        "min_split_gain": 0.0,
        "random_state": 42
      },
      "dataset_name": "small",
      "timeout_s": 20.0,
      "reduced_from_n_samples": 12000,
      "reduction_round": 0,
      "r2_spread_for_scenario": 0.007454461182746508,
      "r2_spread_tolerance": 0.03,
      "r2_spread_within_tolerance": true
    },
    {
      "model": "sklearn_hgb_fixed",
      "threads": 1,
      "effective_threads": 1,
      "n_samples": 12000,
      "n_features": 24,
      "fit_seconds": 0.7223170040000007,
      "predict_seconds": 0.020679992440000204,
      "total_seconds": 1.9626328049999984,
      "peak_rss_mb": 198.6171875,
      "rmse": 52.08253413992273,
      "r2": 0.9422986444576649,
      "fitted_trees": 220,
      "expected_trees": 220,
      "fitted_trees_match_expected": true,
      "total_nodes": 13414,
      "avg_nodes_per_tree": 60.972727272727276,
      "hyperparameters": {
        "loss": "squared_error",