{
  "ranked_models": [
    {
      "model": "lightgbm_hist",
      "median_total_s": 1.7653859160000138,
      "mean_total_s": 2.055537388222226,
      "median_fit_s": 1.7426118680000116,
      "geo_mean_total_s": 1.7175128150475671,
      "mean_peak_rss_mb": 232.34114583333334,
      "mean_r2": 0.787406403126338,
      "max_r2_spread_for_matched_scenario": 0.02231862294031406
    },
    {
      "model": "sklearn_hgb_fixed",
      "median_total_s": 2.157729365000023,
      "mean_total_s": 2.3445751906666694,
      "median_fit_s": 2.091279010000008,
      "geo_mean_total_s": 2.0465903219589077,
      "mean_peak_rss_mb": 227.48741319444446,
      "mean_r2": 0.775316898378125,
      "max_r2_spread_for_matched_scenario": 0.02231862294031406
    },
    {
      "model": "sklearn_hgb",
      "median_total_s": 2.1675003430000004,
      "mean_total_s": 2.348174459111113,
      "median_fit_s": 2.1302581010000097,
      "geo_mean_total_s": 2.057796728640263,
      "mean_peak_rss_mb": 227.49696180555554,
      "mean_r2": 0.775316898378125,
      "max_r2_spread_for_matched_scenario": 0.02231862294031406
    },
    {
      "model": "xgboost_hist",
      "median_total_s": 2.6068500429999943,
      "mean_total_s": 3.1529832037777794,
      "median_fit_s": 2.580747915999993,
      "geo_mean_total_s": 2.7139752408050892,
      "mean_peak_rss_mb": 249.56163194444446,
      "mean_r2": 0.786618153254191,
      "max_r2_spread_for_matched_scenario": 0.02231862294031406
    }
  ],
  "single_thread_runs": [
    {
      "model": "lightgbm_hist",
      "threads": 1,
      "effective_threads": 1,
      "n_samples": 20000,
      "n_features": 120,
      "fit_seconds": 3.315765435000003,
      "predict_seconds": 0.0427837249999925,
      "total_seconds": 3.3621334839999975,
      "peak_rss_mb": 207.85546875,
      "rmse": 341.7523357474042,
      "r2": 0.6755505186637634,
      "fitted_trees": 220,
      "expected_trees": 220,
      "fitted_trees_match_expected": true,
      "hyperparameters": {
        "loss": "squared_error",
        "n_estimators": 220,
        "learning_rate": 0.05,
        "max_depth": 6,
        "num_leaves": 31,
        "max_bin": 255,
        "subsample": 0.8,
        "l2_regularization": 1.0,
        "min_samples_leaf": 20,
        "min_child_weight": 20.0,
        "min_split_gain": 0.0,
        "random_state": 42
      },
      "dataset_name": "large",
      "timeout_s": 8.0,
      "reduced_from_n_samples": 320000,
      "reduction_round": 4,
      "r2_spread_for_scenario": 0.02231862294031406,
      "r2_spread_tolerance": 0.03,
      "r2_spread_within_tolerance": true
    },
    {
      "model": "sklearn_hgb",
      "threads": 1,
      "effective_threads": 1,
      "n_samples": 20000,
      "n_features": 120,
      "fit_seconds": 3.6515533019999964,
      "predict_seconds": 0.047596700000013925,
      "total_seconds": 3.699713016000004,
      "peak_rss_mb": 214.71484375,
      "rmse": 353.3112949075091,
      "r2": 0.6532318957234493,
      "fitted_trees": 220,
      "expected_trees": 220,
      "fitted_trees_match_expected": true,
      "hyperparameters": {
        "loss": "squared_error",
        "n_estimators": 220,
        "learning_rate": 0.05,
        "max_depth": 6,
        "num_leaves": 31,
        "max_bin": 255,
        "subsample": 0.8,
        "l2_regularization": 1.0,
        "min_samples_leaf": 20,
        "min_child_weight": 20.0,
        "min_split_gain": 0.0,
        "random_state": 42
      },
      "dataset_name": "large",
      "timeout_s": 8.0,
      "reduced_from_n_samples": 320000,
      "reduction_round": 4,
      "r2_spread_for_scenario": 0.02231862294031406,
      "r2_spread_tolerance": 0.03,
      "r2_spread_within_tolerance": true
    },
    {
      "model": "sklearn_hgb_fixed",
      "threads": 1,
      "effective_threads": 1,
      "n_samples": 20000,
      "n_features": 120,
      "fit_seconds": 3.6610209370000177,
      "predict_seconds": 0.04693645300000071,
      "total_seconds": 3.713856394000004,
      "peak_rss_mb": 214.68359375,
      "rmse": 353.3112949075091,
      "r2": 0.6532318957234493,
      "fitted_trees": 220,
      "expected_trees": 220,
      "fitted_trees_match_expected": true,
      "hyperparameters": {
        "loss": "squared_error",
        "n_estimators": 220,
        "learning_rate": 0.05,
        "max_depth": 6,
        "num_leaves": 31,
        "max_bin": 255,
        "subsample": 0.8,
        "l2_regularization": 1.0,
        "min_samples_leaf": 20,
        "min_child_weight": 20.0,
        "min_split_gain": 0.0,
        "random_state": 42
      },
      "dataset_name": "large",
      "timeout_s": 8.0,
      "reduced_from_n_samples": 320000,
      "reduction_round": 4,
      "r2_spread_for_scenario": 0.02231862294031406,
      "r2_spread_tolerance": 0.03,
      "r2_spread_within_tolerance": true
    },
    {
      "model": "xgboost_hist",
      "threads": 1,
      "effective_threads": 1,
      "n_samples": 20000,
      "n_features": 120,
      "fit_seconds": 5.458369630999982,
      "predict_seconds": 0.010789541000008285,
      "total_seconds": 5.470365593000025,
      "peak_rss_mb": 227.35546875,
      "rmse": 343.47810838174246,
      "r2": 0.6722654104232788,
      "fitted_trees": 220,
      "expected_trees": 220,
      "fitted_trees_match_expected": true,
      "hyperparameters": {
        "loss": "squared_error",
        "n_estimators": 220,
        "learning_rate": 0.05,
        "max_depth": 6,
        "num_leaves": 31,
        "max_bin": 255,
        "subsample": 0.8,
        "l2_regularization": 1.0,
        "min_samples_leaf": 20,
        "min_child_weight": 20.0,
        "min_split_gain": 0.0,
        "random_state": 42
      },
      "dataset_name": "large",
      "timeout_s": 8.0,
      "reduced_from_n_samples": 320000,
      "reduction_round": 4,
      "r2_spread_for_scenario": 0.02231862294031406,
      "r2_spread_tolerance": 0.03,
      "r2_spread_within_tolerance": true
    },
    {
      "model": "lightgbm_hist",
      "threads": 1,
      "effective_threads": 1,
      "n_samples": 70000,
      "n_features": 80,
      "fit_seconds": 4.63729171899999,
      "predict_seconds": 0.14355319200001304,
      "total_seconds": 4.7838975529999885,
      "peak_rss_mb": 268.94921875,
      "rmse": 192.51309108848287,
      "r2": 0.7935904890371346,
      "fitted_trees": 220,
      "expected_trees": 220,
      "fitted_trees_match_expected": true,
      "hyperparameters": {
        "loss": "squared_error",
        "n_estimators": 220,
        "learning_rate": 0.05,
        "max_depth": 6,
        "num_leaves": 31,
        "max_bin": 255,
        "subsample": 0.8,
        "l2_regularization": 1.0,
        "min_samples_leaf": 20,
        "min_child_weight": 20.0,
        "min_split_gain": 0.0,
        "random_state": 42
      },
      "dataset_name": "medium",
      "timeout_s": 8.0,
      "reduced_from_n_samples": 140000,
      "reduction_round": 1,
      "r2_spread_for_scenario": 0.008491213875446824,
      "r2_spread_tolerance": 0.03,
      "r2_spread_within_tolerance": true
    },
    {
      "model": "sklearn_hgb",
      "threads": 1,
      "effective_threads": 1,
      "n_samples": 70000,
      "n_features": 80,
      "fit_seconds": 4.868913398000004,
      "predict_seconds": 0.13408610599999804,
      "total_seconds": 5.004665802000005,
      "peak_rss_mb": 259.27734375,
      "rmse": 196.43295731598647,
      "r2": 0.7850992751616878,
      "fitted_trees": 220,
      "expected_trees": 220,
      "fitted_trees_match_expected": true,
      "hyperparameters": {
        "loss": "squared_error",
        "n_estimators": 220,
        "learning_rate": 0.05,
        "max_depth": 6,
        "num_leaves": 31,
        "max_bin": 255,
        "subsample": 0.8,
        "l2_regularization": 1.0,
        "min_samples_leaf": 20,
        "min_child_weight": 20.0,
        "min_split_gain": 0.0,
        "random_state": 42
      },
      "dataset_name": "medium",
      "timeout_s": 8.0,