{
  "ranked_models": [
    {
      "model": "lightgbm_hist",
      "median_total_s": 0.8076644155000849,
      "mean_total_s": 0.9723235541249835,
      "median_fit_s": 0.7966268699998409,
      "geo_mean_total_s": 0.7883445694383192,
      "mean_peak_rss_mb": 210.4677734375,
      "mean_r2": 0.8057597417377589,
      "max_r2_spread_for_matched_scenario": 0.028065748355557307
    },
    {
      "model": "sklearn_hgb_fixed",
      "median_total_s": 0.8155419304999896,
      "mean_total_s": 0.9589397745000099,
      "median_fit_s": 0.7962393464999877,
      "geo_mean_total_s": 0.846475276759174,
      "mean_peak_rss_mb": 207.5205078125,
      "mean_r2": 0.7881916156052472,
      "max_r2_spread_for_matched_scenario": 0.028065748355557307
    },
    {
      "model": "sklearn_hgb",
      "median_total_s": 1.1223735774999568,
      "mean_total_s": 1.6045906060000164,
      "median_fit_s": 1.1115694324998913,
      "geo_mean_total_s": 1.2534106182049531,
      "mean_peak_rss_mb": 207.802734375,
      "mean_r2": 0.7881916156052472,
      "max_r2_spread_for_matched_scenario": 0.028065748355557307
    },
    {
      "model": "xgboost_hist",
      "median_total_s": 1.1274018375000878,
      "mean_total_s": 1.351156565000025,
      "median_fit_s": 1.1193453565000482,
      "geo_mean_total_s": 1.075125277466043,
      "mean_peak_rss_mb": 224.974609375,
      "mean_r2": 0.8056082427501678,
      "max_r2_spread_for_matched_scenario": 0.028065748355557307
    }
  ],
  "single_thread_runs": [
    {
      "model": "lightgbm_hist",
      "threads": 1,
      "effective_threads": 1,
      "n_samples": 5038,
      "n_features": 120,
      "fit_seconds": 1.8530794480000168,
      "predict_seconds": 0.012640250999993441,
      "total_seconds": 1.8732074179999927,
      "peak_rss_mb": 216.90234375,
      "rmse": 320.12430352889686,
      "r2": 0.6621503351083868,
      "fitted_trees": 220,
      "expected_trees": 220,
      "fitted_trees_match_expected": true,
      "total_nodes": 13326,
      "avg_nodes_per_tree": 60.57272727272727,
      "hyperparameters": {
        "loss": "squared_error",
        "n_estimators": 220,
        "learning_rate": 0.05,
        "max_depth": 6,
        "num_leaves": 31,
        "max_bin": 255,
        "subsample": 0.8,
        "l2_regularization": 1.0,
        "min_samples_leaf": 20,
        "min_child_weight": 20.0,
        "min_split_gain": 0.0,
        "random_state": 42
      },
      "dataset_name": "medium",
      "timeout_s": 5.0,
      "reduced_from_n_samples": 180000,
      "reduction_round": 7,
      "r2_spread_for_scenario": 0.028065748355557307,
      "r2_spread_tolerance": 0.03,
      "r2_spread_within_tolerance": true
    },
    {
      "model": "sklearn_hgb_fixed",
      "threads": 1,
      "effective_threads": 1,
      "n_samples": 5038,
      "n_features": 120,
      "fit_seconds": 2.1752795309998874,
      "predict_seconds": 0.013422077000086574,
      "total_seconds": 2.1956993609999245,
      "peak_rss_mb": 215.06640625,
      "rmse": 333.1557030778858,
      "r2": 0.6340845867528295,
      "fitted_trees": 220,
      "expected_trees": 220,
      "fitted_trees_match_expected": true,
      "total_nodes": 13402,
      "avg_nodes_per_tree": 60.91818181818182,
      "hyperparameters": {
        "loss": "squared_error",
        "n_estimators": 220,
        "learning_rate": 0.05,
        "max_depth": 6,
        "num_leaves": 31,
        "max_bin": 255,
        "subsample": 0.8,
        "l2_regularization": 1.0,
        "min_samples_leaf": 20,
        "min_child_weight": 20.0,
        "min_split_gain": 0.0,
        "random_state": 42
      },
      "dataset_name": "medium",
      "timeout_s": 5.0,
      "reduced_from_n_samples": 180000,
      "reduction_round": 7,
      "r2_spread_for_scenario": 0.028065748355557307,
      "r2_spread_tolerance": 0.03,
      "r2_spread_within_tolerance": true
    },
    {
      "model": "sklearn_hgb",
      "threads": 1,
      "effective_threads": 1,
      "n_samples": 5038,
      "n_features": 120,
      "fit_seconds": 2.1813571870000033,
      "predict_seconds": 0.012991841000030036,
      "total_seconds": 2.201727912000024,
      "peak_rss_mb": 215.5546875,
      "rmse": 333.1557030778858,
      "r2": 0.6340845867528295,
      "fitted_trees": 220,
      "expected_trees": 220,
      "fitted_trees_match_expected": true,
      "total_nodes": 13402,
      "avg_nodes_per_tree": 60.91818181818182,
      "hyperparameters": {
        "loss": "squared_error",
        "n_estimators": 220,
        "learning_rate": 0.05,
        "max_depth": 6,
        "num_leaves": 31,
        "max_bin": 255,
        "subsample": 0.8,
        "l2_regularization": 1.0,
        "min_samples_leaf": 20,
        "min_child_weight": 20.0,
        "min_split_gain": 0.0,
        "random_state": 42
      },
      "dataset_name": "medium",
      "timeout_s": 5.0,
      "reduced_from_n_samples": 180000,
      "reduction_round": 7,
      "r2_spread_for_scenario": 0.028065748355557307,
      "r2_spread_tolerance": 0.03,
      "r2_spread_within_tolerance": true
    },
    {
      "model": "xgboost_hist",
      "threads": 1,
      "effective_threads": 1,
      "n_samples": 5038,
      "n_features": 120,
      "fit_seconds": 3.3041439549999723,
      "predict_seconds": 0.0034913920001145016,
      "total_seconds": 3.313761402999944,
      "peak_rss_mb": 234.66796875,
      "rmse": 320.449586518691,
      "r2": 0.6614633798599243,
      "fitted_trees": 220,
      "expected_trees": 220,
      "fitted_trees_match_expected": true,
      "total_nodes": 13336,
      "avg_nodes_per_tree": 60.61818181818182,
      "hyperparameters": {
        "loss": "squared_error",
        "n_estimators": 220,
        "learning_rate": 0.05,
        "max_depth": 6,
        "num_leaves": 31,
        "max_bin": 255,
        "subsample": 0.8,
        "l2_regularization": 1.0,
        "min_samples_leaf": 20,
        "min_child_weight": 20.0,
        "min_split_gain": 0.0,
        "random_state": 42
      },
      "dataset_name": "medium",
      "timeout_s": 5.0,
      "reduced_from_n_samples": 180000,
      "reduction_round": 7,
      "r2_spread_for_scenario": 0.028065748355557307,
      "r2_spread_tolerance": 0.03,
      "r2_spread_within_tolerance": true
    },
    {
      "model": "lightgbm_hist",
      "threads": 1,
      "effective_threads": 1,
      "n_samples": 12000,
      "n_features": 24,
      "fit_seconds": 0.5355261469999277,
      "predict_seconds": 0.024247499000011885,
      "total_seconds": 0.5669308490000731,
      "peak_rss_mb": 202.3125,
      "rmse": 48.7872923121708,
      "r2": 0.949369148367131,
      "fitted_trees": 220,
      "expected_trees": 220,
      "fitted_trees_match_expected": true,
      "total_nodes": 13386,
      "avg_nodes_per_tree": 60.845454545454544,
      "hyperparameters": {
        "loss": "squared_error",
        "n_estimators": 220,
        "learning_rate": 0.05,
        "max_depth": 6,
        "num_leaves": 31,
        "max_bin": 255,
        "subsample": 0.8,
        "l2_regularization": 1.0,
        "min_samples_leaf": 20,
        "min_child_weight": 20.0,
        "min_split_gain": 0.0,
        "random_state": 42
      },
      "dataset_name": "small",
      "timeout_s": 5.0,
      "reduced_from_n_samples": 12000,
      "reduction_round": 0,
      "r2_spread_for_scenario": 0.007454461182746508,
      "r2_spread_tolerance": 0.03,
      "r2_spread_within_tolerance": true
    },
    {
      "model": "sklearn_hgb",
      "threads": 1,
      "effective_threads": 1,
      "n_samples": 12000,
      "n_features": 24,
      "fit_seconds": 0.7140973129999111,
      "predict_seconds": 0.02067885299993577,
      "total_seconds": 0.7383361710001282,
      "peak_rss_mb": 198.140625,
      "rmse": 52.08253413992273,
      "r2": 0.9422986444576649,
      "fitted_trees": 220,
      "expected_trees": 220,
      "fitted_trees_match_expected": true,
      "total_nodes": 13414,
      "avg_nodes_per_tree": 60.972727272727276,