{
  "ranked_models": [
    {
      "model": "lightgbm_hist",
      "median_total_s": 0.8098746979999873,
      "mean_total_s": 0.9396360991249821,
      "median_fit_s": 0.7984880184999952,
      "geo_mean_total_s": 0.7658650697808427,
      "mean_peak_rss_mb": 209.86376953125,
      "mean_r2": 0.8057597417377589,
      "max_r2_spread_for_matched_scenario": 0.028065748355557307
    },
    {
      "model": "sklearn_hgb_fixed",
      "median_total_s": 0.8186030935000304,
      "mean_total_s": 0.9615700482500102,
      "median_fit_s": 0.8018589980000002,
      "geo_mean_total_s": 0.8474727146475124,
      "mean_peak_rss_mb": 207.54736328125,
      "mean_r2": 0.7881916156052472,
      "max_r2_spread_for_matched_scenario": 0.028065748355557307
    },
    {
      "model": "sklearn_hgb",
      "median_total_s": 1.1173597994999795,
      "mean_total_s": 1.6092522969999976,
      "median_fit_s": 1.1084366665000402,
      "geo_mean_total_s": 1.2544585646947264,
      "mean_peak_rss_mb": 207.80419921875,
      "mean_r2": 0.7881916156052472,
      "max_r2_spread_for_matched_scenario": 0.028065748355557307
    },
    {
      "model": "xgboost_hist",
      "median_total_s": 1.1285510100000238,
      "mean_total_s": 1.3584707866249772,
      "median_fit_s": 1.1194353590000787,
      "geo_mean_total_s": 1.0836768360890439,
      "mean_peak_rss_mb": 224.8681640625,
      "mean_r2": 0.8056082427501678,
      "max_r2_spread_for_matched_scenario": 0.028065748355557307
    }
  ],
  "single_thread_runs": [
    {
      "model": "lightgbm_hist",
      "threads": 1,
      "effective_threads": 1,
      "n_samples": 5038,
      "n_features": 120,
      "fit_seconds": 1.858407050999972,
      "predict_seconds": 0.012271498000018255,
      "total_seconds": 1.878201095999998,
      "peak_rss_mb": 216.79296875,
      "rmse": 320.12430352889686,
      "r2": 0.6621503351083868,
      "fitted_trees": 220,
      "expected_trees": 220,
      "fitted_trees_match_expected": true,
      "total_nodes": 13326,
      "avg_nodes_per_tree": 60.57272727272727,
      "hyperparameters": {
        "loss": "squared_error",
        "n_estimators": 220,
        "learning_rate": 0.05,
        "max_depth": 6,
        "num_leaves": 31,
        "max_bin": 255,
        "subsample": 0.8,
        "l2_regularization": 1.0,
        "min_samples_leaf": 20,
        "min_child_weight": 20.0,
        "min_split_gain": 0.0,
        "random_state": 42
      },
      "dataset_name": "medium",
      "timeout_s": 5.0,
      "reduced_from_n_samples": 180000,
      "reduction_round": 7,
      "r2_spread_for_scenario": 0.028065748355557307,
      "r2_spread_tolerance": 0.03,
      "r2_spread_within_tolerance": true
    },
    {
      "model": "sklearn_hgb",
      "threads": 1,
      "effective_threads": 1,
      "n_samples": 5038,
      "n_features": 120,
      "fit_seconds": 2.174375787000031,
      "predict_seconds": 0.013186894000000393,
      "total_seconds": 2.19660803499994,
      "peak_rss_mb": 215.07421875,
      "rmse": 333.1557030778858,
      "r2": 0.6340845867528295,
      "fitted_trees": 220,
      "expected_trees": 220,
      "fitted_trees_match_expected": true,
      "total_nodes": 13402,
      "avg_nodes_per_tree": 60.91818181818182,
      "hyperparameters": {
        "loss": "squared_error",
        "n_estimators": 220,
        "learning_rate": 0.05,
        "max_depth": 6,
        "num_leaves": 31,
        "max_bin": 255,
        "subsample": 0.8,
        "l2_regularization": 1.0,
        "min_samples_leaf": 20,
        "min_child_weight": 20.0,
        "min_split_gain": 0.0,
        "random_state": 42
      },
      "dataset_name": "medium",
      "timeout_s": 5.0,
      "reduced_from_n_samples": 180000,
      "reduction_round": 7,
      "r2_spread_for_scenario": 0.028065748355557307,
      "r2_spread_tolerance": 0.03,
      "r2_spread_within_tolerance": true
    },
    {
      "model": "sklearn_hgb_fixed",
      "threads": 1,
      "effective_threads": 1,
      "n_samples": 5038,
      "n_features": 120,
      "fit_seconds": 2.1922856639999964,
      "predict_seconds": 0.013158764999957384,
      "total_seconds": 2.2108448559999943,
      "peak_rss_mb": 215.0703125,
      "rmse": 333.1557030778858,
      "r2": 0.6340845867528295,
      "fitted_trees": 220,
      "expected_trees": 220,
      "fitted_trees_match_expected": true,
      "total_nodes": 13402,
      "avg_nodes_per_tree": 60.91818181818182,
      "hyperparameters": {
        "loss": "squared_error",
        "n_estimators": 220,
        "learning_rate": 0.05,
        "max_depth": 6,
        "num_leaves": 31,
        "max_bin": 255,
        "subsample": 0.8,
        "l2_regularization": 1.0,
        "min_samples_leaf": 20,
        "min_child_weight": 20.0,
        "min_split_gain": 0.0,
        "random_state": 42
      },
      "dataset_name": "medium",
      "timeout_s": 5.0,
      "reduced_from_n_samples": 180000,
      "reduction_round": 7,
      "r2_spread_for_scenario": 0.028065748355557307,
      "r2_spread_tolerance": 0.03,
      "r2_spread_within_tolerance": true
    },
    {
      "model": "xgboost_hist",
      "threads": 1,
      "effective_threads": 1,
      "n_samples": 5038,
      "n_features": 120,
      "fit_seconds": 3.3176601239999854,
      "predict_seconds": 0.0036374619999151037,
      "total_seconds": 3.3224947979999797,
      "peak_rss_mb": 234.625,
      "rmse": 320.449586518691,
      "r2": 0.6614633798599243,
      "fitted_trees": 220,
      "expected_trees": 220,
      "fitted_trees_match_expected": true,
      "total_nodes": 13336,
      "avg_nodes_per_tree": 60.61818181818182,
      "hyperparameters": {
        "loss": "squared_error",
        "n_estimators": 220,
        "learning_rate": 0.05,
        "max_depth": 6,
        "num_leaves": 31,
        "max_bin": 255,
        "subsample": 0.8,
        "l2_regularization": 1.0,
        "min_samples_leaf": 20,
        "min_child_weight": 20.0,
        "min_split_gain": 0.0,
        "random_state": 42
      },
      "dataset_name": "medium",
      "timeout_s": 5.0,
      "reduced_from_n_samples": 180000,
      "reduction_round": 7,
      "r2_spread_for_scenario": 0.028065748355557307,
      "r2_spread_tolerance": 0.03,
      "r2_spread_within_tolerance": true
    },
    {
      "model": "lightgbm_hist",
      "threads": 1,
      "effective_threads": 1,
      "n_samples": 12000,
      "n_features": 24,
      "fit_seconds": 0.5322877240000707,
      "predict_seconds": 0.024190483999973367,
      "total_seconds": 0.5608051870000281,
      "peak_rss_mb": 202.3046875,
      "rmse": 48.7872923121708,
      "r2": 0.949369148367131,
      "fitted_trees": 220,
      "expected_trees": 220,
      "fitted_trees_match_expected": true,
      "total_nodes": 13386,
      "avg_nodes_per_tree": 60.845454545454544,
      "hyperparameters": {
        "loss": "squared_error",
        "n_estimators": 220,
        "learning_rate": 0.05,
        "max_depth": 6,
        "num_leaves": 31,
        "max_bin": 255,
        "subsample": 0.8,
        "l2_regularization": 1.0,
        "min_samples_leaf": 20,
        "min_child_weight": 20.0,
        "min_split_gain": 0.0,
        "random_state": 42
      },
      "dataset_name": "small",
      "timeout_s": 5.0,
      "reduced_from_n_samples": 12000,
      "reduction_round": 0,
      "r2_spread_for_scenario": 0.007454461182746508,
      "r2_spread_tolerance": 0.03,
      "r2_spread_within_tolerance": true
    },
    {
      "model": "sklearn_hgb_fixed",
      "threads": 1,
      "effective_threads": 1,
      "n_samples": 12000,
      "n_features": 24,
      "fit_seconds": 0.7175072070000397,
      "predict_seconds": 0.020610046999991027,
      "total_seconds": 0.7401760760000116,
      "peak_rss_mb": 198.1484375,
      "rmse": 52.08253413992273,
      "r2": 0.9422986444576649,
      "fitted_trees": 220,
      "expected_trees": 220,
      "fitted_trees_match_expected": true,
      "total_nodes": 13414,
      "avg_nodes_per_tree": 60.972727272727276,