{
  "ranked_models": [
    {
      "model": "sklearn_hgb_fixed",
      "median_total_s": 0.7845385299999634,
      "mean_total_s": 0.8955116893333752,
      "median_fit_s": 0.7671792915000424,
      "geo_mean_total_s": 0.8159592841099638,
      "mean_peak_rss_mb": 204.72916666666666,
      "mean_r2": 0.760874829783988,
      "max_r2_spread_for_matched_scenario": 0.040531791630783465
    },
    {
      "model": "lightgbm_hist",
      "median_total_s": 0.9933051019999084,
      "mean_total_s": 0.9785854044999951,
      "median_fit_s": 0.9758133029999954,
      "geo_mean_total_s": 0.8097152752247713,
      "mean_peak_rss_mb": 208.86002604166666,
      "mean_r2": 0.7846759775541128,
      "max_r2_spread_for_matched_scenario": 0.040531791630783465
    },
    {
      "model": "xgboost_hist",
      "median_total_s": 1.0458368305000931,
      "mean_total_s": 1.1857386985000555,
      "median_fit_s": 1.0358509225001171,
      "geo_mean_total_s": 0.9769316862291438,
      "mean_peak_rss_mb": 223.01171875,
      "mean_r2": 0.782728910446167,
      "max_r2_spread_for_matched_scenario": 0.040531791630783465
    },
    {
      "model": "sklearn_hgb",
      "median_total_s": 1.3442146070000263,
      "mean_total_s": 1.8317836044999847,
      "median_fit_s": 1.3291204705001292,
      "geo_mean_total_s": 1.4119359213997356,
      "mean_peak_rss_mb": 205.07877604166666,
      "mean_r2": 0.760874829783988,
      "max_r2_spread_for_matched_scenario": 0.040531791630783465
    }
  ],
  "single_thread_runs": [
    {
      "model": "lightgbm_hist",
      "threads": 1,
      "effective_threads": 1,
      "n_samples": 3022,
      "n_features": 120,
      "fit_seconds": 1.5133979719998933,
      "predict_seconds": 0.008339261000173792,
      "total_seconds": 1.5268840060000457,
      "peak_rss_mb": 214.6328125,
      "rmse": 327.2313404880687,
      "r2": 0.6199828067410946,
      "fitted_trees": 220,
      "expected_trees": 220,
      "fitted_trees_match_expected": true,
      "total_nodes": 12996,
      "avg_nodes_per_tree": 59.07272727272727,
      "hyperparameters": {
        "loss": "squared_error",
        "n_estimators": 220,
        "learning_rate": 0.05,
        "max_depth": 6,
        "num_leaves": 31,
        "max_bin": 255,
        "subsample": 0.8,
        "l2_regularization": 1.0,
        "min_samples_leaf": 20,
        "min_child_weight": 20.0,
        "min_split_gain": 0.0,
        "random_state": 42
      },
      "dataset_name": "large",
      "timeout_s": 5.0,
      "reduced_from_n_samples": 180000,
      "reduction_round": 8,
      "r2_spread_for_scenario": 0.040531791630783465,
      "r2_spread_tolerance": 0.03,
      "r2_spread_within_tolerance": false
    },
    {
      "model": "sklearn_hgb",
      "threads": 1,
      "effective_threads": 1,
      "n_samples": 3022,
      "n_features": 120,
      "fit_seconds": 1.8322121160001643,
      "predict_seconds": 0.008122098999820082,
      "total_seconds": 1.8494463790000282,
      "peak_rss_mb": 209.64453125,
      "rmse": 344.2401821925205,
      "r2": 0.5794510151103112,
      "fitted_trees": 220,
      "expected_trees": 220,
      "fitted_trees_match_expected": true,
      "total_nodes": 13266,
      "avg_nodes_per_tree": 60.3,
      "hyperparameters": {
        "loss": "squared_error",
        "n_estimators": 220,
        "learning_rate": 0.05,
        "max_depth": 6,
        "num_leaves": 31,
        "max_bin": 255,
        "subsample": 0.8,
        "l2_regularization": 1.0,
        "min_samples_leaf": 20,
        "min_child_weight": 20.0,
        "min_split_gain": 0.0,
        "random_state": 42
      },
      "dataset_name": "large",
      "timeout_s": 5.0,
      "reduced_from_n_samples": 180000,
      "reduction_round": 8,
      "r2_spread_for_scenario": 0.040531791630783465,
      "r2_spread_tolerance": 0.03,
      "r2_spread_within_tolerance": false
    },
    {
      "model": "sklearn_hgb_fixed",
      "threads": 1,
      "effective_threads": 1,
      "n_samples": 3022,
      "n_features": 120,
      "fit_seconds": 1.8342491870000686,
      "predict_seconds": 0.008653557999878103,
      "total_seconds": 1.8499277850000908,
      "peak_rss_mb": 209.66015625,
      "rmse": 344.2401821925205,
      "r2": 0.5794510151103112,
      "fitted_trees": 220,
      "expected_trees": 220,
      "fitted_trees_match_expected": true,
      "total_nodes": 13266,
      "avg_nodes_per_tree": 60.3,
      "hyperparameters": {
        "loss": "squared_error",
        "n_estimators": 220,
        "learning_rate": 0.05,
        "max_depth": 6,
        "num_leaves": 31,
        "max_bin": 255,
        "subsample": 0.8,
        "l2_regularization": 1.0,
        "min_samples_leaf": 20,
        "min_child_weight": 20.0,
        "min_split_gain": 0.0,
        "random_state": 42
      },
      "dataset_name": "large",
      "timeout_s": 5.0,
      "reduced_from_n_samples": 180000,
      "reduction_round": 8,
      "r2_spread_for_scenario": 0.040531791630783465,
      "r2_spread_tolerance": 0.03,
      "r2_spread_within_tolerance": false
    },
    {
      "model": "xgboost_hist",
      "threads": 1,
      "effective_threads": 1,
      "n_samples": 3022,
      "n_features": 120,
      "fit_seconds": 2.7428524039999047,
      "predict_seconds": 0.0026619689999733964,
      "total_seconds": 2.747919260999879,
      "peak_rss_mb": 232.83203125,
      "rmse": 329.0681207971991,
      "r2": 0.6157047152519226,
      "fitted_trees": 220,
      "expected_trees": 220,
      "fitted_trees_match_expected": true,
      "total_nodes": 13032,
      "avg_nodes_per_tree": 59.236363636363635,
      "hyperparameters": {
        "loss": "squared_error",
        "n_estimators": 220,
        "learning_rate": 0.05,
        "max_depth": 6,
        "num_leaves": 31,
        "max_bin": 255,
        "subsample": 0.8,
        "l2_regularization": 1.0,
        "min_samples_leaf": 20,
        "min_child_weight": 20.0,
        "min_split_gain": 0.0,
        "random_state": 42
      },
      "dataset_name": "large",
      "timeout_s": 5.0,
      "reduced_from_n_samples": 180000,
      "reduction_round": 8,
      "r2_spread_for_scenario": 0.040531791630783465,
      "r2_spread_tolerance": 0.03,
      "r2_spread_within_tolerance": false
    },
    {
      "model": "lightgbm_hist",
      "threads": 1,
      "effective_threads": 1,
      "n_samples": 12000,
      "n_features": 24,
      "fit_seconds": 0.5451340179999988,
      "predict_seconds": 0.024334164999800123,
      "total_seconds": 0.5696425730000101,
      "peak_rss_mb": 202.3046875,
      "rmse": 48.7872923121708,
      "r2": 0.949369148367131,
      "fitted_trees": 220,
      "expected_trees": 220,
      "fitted_trees_match_expected": true,
      "total_nodes": 13386,
      "avg_nodes_per_tree": 60.845454545454544,
      "hyperparameters": {
        "loss": "squared_error",
        "n_estimators": 220,
        "learning_rate": 0.05,
        "max_depth": 6,
        "num_leaves": 31,
        "max_bin": 255,
        "subsample": 0.8,
        "l2_regularization": 1.0,
        "min_samples_leaf": 20,
        "min_child_weight": 20.0,
        "min_split_gain": 0.0,
        "random_state": 42
      },
      "dataset_name": "small",
      "timeout_s": 5.0,
      "reduced_from_n_samples": 12000,
      "reduction_round": 0,
      "r2_spread_for_scenario": 0.007454461182746508,
      "r2_spread_tolerance": 0.03,
      "r2_spread_within_tolerance": true
    },
    {
      "model": "sklearn_hgb_fixed",
      "threads": 1,
      "effective_threads": 1,
      "n_samples": 12000,
      "n_features": 24,
      "fit_seconds": 0.735239035000177,
      "predict_seconds": 0.020893490999924325,
      "total_seconds": 0.7624315699999897,
      "peak_rss_mb": 198.1953125,
      "rmse": 52.08253413992273,
      "r2": 0.9422986444576649,
      "fitted_trees": 220,
      "expected_trees": 220,
      "fitted_trees_match_expected": true,
      "total_nodes": 13414,
      "avg_nodes_per_tree": 60.972727272727276,