{
  "ranked_models": [
    {
      "model": "lightgbm_hist",
      "median_total_s": 1.778606200000013,
      "mean_total_s": 2.0670528255555607,
      "median_fit_s": 1.7520343749999938,
      "geo_mean_total_s": 1.726335396745495,
      "mean_peak_rss_mb": 232.30251736111111,
      "mean_r2": 0.787406403126338,
      "max_r2_spread_for_matched_scenario": 0.02231862294031406
    },
    {
      "model": "sklearn_hgb",
      "median_total_s": 2.181890691999996,
      "mean_total_s": 2.3795178806666635,
      "median_fit_s": 2.1487596059999987,
      "geo_mean_total_s": 2.085866439433655,
      "mean_peak_rss_mb": 227.49088541666666,
      "mean_r2": 0.775316898378125,
      "max_r2_spread_for_matched_scenario": 0.02231862294031406
    },
    {
      "model": "sklearn_hgb_fixed",
      "median_total_s": 2.193116118000006,
      "mean_total_s": 2.3797266632222147,
      "median_fit_s": 2.142898398,
      "geo_mean_total_s": 2.0811074423522062,
      "mean_peak_rss_mb": 227.56163194444446,
      "mean_r2": 0.775316898378125,
      "max_r2_spread_for_matched_scenario": 0.02231862294031406
    },
    {
      "model": "xgboost_hist",
      "median_total_s": 2.607792019999991,
      "mean_total_s": 3.191085326222217,
      "median_fit_s": 2.583125722999995,
      "geo_mean_total_s": 2.7556604498408275,
      "mean_peak_rss_mb": 249.59027777777777,
      "mean_r2": 0.786618153254191,
      "max_r2_spread_for_matched_scenario": 0.02231862294031406
    }
  ],
  "single_thread_runs": [
    {
      "model": "lightgbm_hist",
      "threads": 1,
      "effective_threads": 1,
      "n_samples": 20000,
      "n_features": 120,
      "fit_seconds": 3.309307259999997,
      "predict_seconds": 0.04249172500001919,
      "total_seconds": 3.356632521999984,
      "peak_rss_mb": 207.859375,
      "rmse": 341.7523357474042,
      "r2": 0.6755505186637634,
      "fitted_trees": 220,
      "expected_trees": 220,
      "fitted_trees_match_expected": true,
      "hyperparameters": {
        "loss": "squared_error",
        "n_estimators": 220,
        "learning_rate": 0.05,
        "max_depth": 6,
        "num_leaves": 31,
        "max_bin": 255,
        "subsample": 0.8,
        "l2_regularization": 1.0,
        "min_samples_leaf": 20,
        "min_child_weight": 20.0,
        "min_split_gain": 0.0,
        "random_state": 42
      },
      "dataset_name": "large",
      "timeout_s": 8.0,
      "reduced_from_n_samples": 320000,
      "reduction_round": 4,
      "r2_spread_for_scenario": 0.02231862294031406,
      "r2_spread_tolerance": 0.03,
      "r2_spread_within_tolerance": true
    },
    {
      "model": "sklearn_hgb",
      "threads": 1,
      "effective_threads": 1,
      "n_samples": 20000,
      "n_features": 120,
      "fit_seconds": 3.676597127000008,
      "predict_seconds": 0.04917186199998014,
      "total_seconds": 3.7288154370000086,
      "peak_rss_mb": 214.65625,
      "rmse": 353.3112949075091,
      "r2": 0.6532318957234493,
      "fitted_trees": 220,
      "expected_trees": 220,
      "fitted_trees_match_expected": true,
      "hyperparameters": {
        "loss": "squared_error",
        "n_estimators": 220,
        "learning_rate": 0.05,
        "max_depth": 6,
        "num_leaves": 31,
        "max_bin": 255,
        "subsample": 0.8,
        "l2_regularization": 1.0,
        "min_samples_leaf": 20,
        "min_child_weight": 20.0,
        "min_split_gain": 0.0,
        "random_state": 42
      },
      "dataset_name": "large",
      "timeout_s": 8.0,
      "reduced_from_n_samples": 320000,
      "reduction_round": 4,
      "r2_spread_for_scenario": 0.02231862294031406,
      "r2_spread_tolerance": 0.03,
      "r2_spread_within_tolerance": true
    },
    {
      "model": "sklearn_hgb_fixed",
      "threads": 1,
      "effective_threads": 1,
      "n_samples": 20000,
      "n_features": 120,
      "fit_seconds": 3.686799774000008,
      "predict_seconds": 0.0498091709999926,
      "total_seconds": 3.746013149999982,
      "peak_rss_mb": 214.6640625,
      "rmse": 353.3112949075091,
      "r2": 0.6532318957234493,
      "fitted_trees": 220,
      "expected_trees": 220,
      "fitted_trees_match_expected": true,
      "hyperparameters": {
        "loss": "squared_error",
        "n_estimators": 220,
        "learning_rate": 0.05,
        "max_depth": 6,
        "num_leaves": 31,
        "max_bin": 255,
        "subsample": 0.8,
        "l2_regularization": 1.0,
        "min_samples_leaf": 20,
        "min_child_weight": 20.0,
        "min_split_gain": 0.0,
        "random_state": 42
      },
      "dataset_name": "large",
      "timeout_s": 8.0,
      "reduced_from_n_samples": 320000,
      "reduction_round": 4,
      "r2_spread_for_scenario": 0.02231862294031406,
      "r2_spread_tolerance": 0.03,
      "r2_spread_within_tolerance": true
    },
    {
      "model": "xgboost_hist",
      "threads": 1,
      "effective_threads": 1,
      "n_samples": 20000,
      "n_features": 120,
      "fit_seconds": 5.453325133999982,
      "predict_seconds": 0.010782796000000872,
      "total_seconds": 5.473311413000005,
      "peak_rss_mb": 227.46875,
      "rmse": 343.47810838174246,
      "r2": 0.6722654104232788,
      "fitted_trees": 220,
      "expected_trees": 220,
      "fitted_trees_match_expected": true,
      "hyperparameters": {
        "loss": "squared_error",
        "n_estimators": 220,
        "learning_rate": 0.05,
        "max_depth": 6,
        "num_leaves": 31,
        "max_bin": 255,
        "subsample": 0.8,
        "l2_regularization": 1.0,
        "min_samples_leaf": 20,
        "min_child_weight": 20.0,
        "min_split_gain": 0.0,
        "random_state": 42
      },
      "dataset_name": "large",
      "timeout_s": 8.0,
      "reduced_from_n_samples": 320000,
      "reduction_round": 4,
      "r2_spread_for_scenario": 0.02231862294031406,
      "r2_spread_tolerance": 0.03,
      "r2_spread_within_tolerance": true
    },
    {
      "model": "lightgbm_hist",
      "threads": 1,
      "effective_threads": 1,
      "n_samples": 70000,
      "n_features": 80,
      "fit_seconds": 4.686375147000007,
      "predict_seconds": 0.14365410900001052,
      "total_seconds": 4.836525060000014,
      "peak_rss_mb": 268.921875,
      "rmse": 192.51309108848287,
      "r2": 0.7935904890371346,
      "fitted_trees": 220,
      "expected_trees": 220,
      "fitted_trees_match_expected": true,
      "hyperparameters": {
        "loss": "squared_error",
        "n_estimators": 220,
        "learning_rate": 0.05,
        "max_depth": 6,
        "num_leaves": 31,
        "max_bin": 255,
        "subsample": 0.8,
        "l2_regularization": 1.0,
        "min_samples_leaf": 20,
        "min_child_weight": 20.0,
        "min_split_gain": 0.0,
        "random_state": 42
      },
      "dataset_name": "medium",
      "timeout_s": 8.0,
      "reduced_from_n_samples": 140000,
      "reduction_round": 1,
      "r2_spread_for_scenario": 0.008491213875446824,
      "r2_spread_tolerance": 0.03,
      "r2_spread_within_tolerance": true
    },
    {
      "model": "sklearn_hgb",
      "threads": 1,
      "effective_threads": 1,
      "n_samples": 70000,
      "n_features": 80,
      "fit_seconds": 4.955758680000002,
      "predict_seconds": 0.1393065169999943,
      "total_seconds": 5.097344398000018,
      "peak_rss_mb": 259.47265625,
      "rmse": 196.43295731598647,
      "r2": 0.7850992751616878,
      "fitted_trees": 220,
      "expected_trees": 220,
      "fitted_trees_match_expected": true,
      "hyperparameters": {
        "loss": "squared_error",
        "n_estimators": 220,
        "learning_rate": 0.05,
        "max_depth": 6,
        "num_leaves": 31,
        "max_bin": 255,
        "subsample": 0.8,
        "l2_regularization": 1.0,
        "min_samples_leaf": 20,
        "min_child_weight": 20.0,
        "min_split_gain": 0.0,
        "random_state": 42
      },
      "dataset_name": "medium",
      "timeout_s": 8.0,
      "reduced_from_n_samples": 140000,