{
  "ranked_models": [
    {
      "model": "lightgbm_hist",
      "median_total_s": 1.7171724059990083,
      "mean_total_s": 2.6164099041100903,
      "median_fit_s": 1.5972064690031402,
      "geo_mean_total_s": 2.0892087826998096,
      "mean_peak_rss_mb": 301.7677951388889,
      "mean_r2": 0.7772004567522081,
      "max_r2_spread_for_matched_scenario": 0.03158500769986361
    },
    {
      "model": "sklearn_hgb",
      "median_total_s": 1.7339210399986769,
      "mean_total_s": 1.4270196225552354,
      "median_fit_s": 1.6687730529993132,
      "geo_mean_total_s": 1.3351521140392981,
      "mean_peak_rss_mb": 286.0720486111111,
      "mean_r2": 0.7682553694101081,
      "max_r2_spread_for_matched_scenario": 0.03158500769986361
    },
    {
      "model": "xgboost_hist",
      "median_total_s": 2.8585215070015693,
      "mean_total_s": 3.9146774471114947,
      "median_fit_s": 2.8450412029997096,
      "geo_mean_total_s": 3.1229315663879706,
      "mean_peak_rss_mb": 307.75043402777777,
      "mean_r2": 0.7891186475753784,
      "max_r2_spread_for_matched_scenario": 0.03158500769986361
    }
  ],
  "single_thread_runs": [
    {
      "model": "sklearn_hgb",
      "threads": 1,
      "n_samples": 61917,
      "n_features": 120,
      "fit_seconds": 1.7448415949984337,
      "predict_seconds": 0.04136598700279137,
      "total_seconds": 1.790857075000531,
      "peak_rss_mb": 312.80859375,
      "rmse": 310.2848442704091,
      "r2": 0.6589359941159323,
      "hyperparameters": {
        "loss": "squared_error",
        "n_estimators": 220,
        "learning_rate": 0.05,
        "max_depth": 6,
        "num_leaves": 31,
        "max_bin": 255,
        "subsample": 0.8,
        "l2_regularization": 1.0,
        "min_samples_leaf": 20,
        "random_state": 42
      },
      "dataset_name": "large",
      "timeout_s": 10.0,
      "reduced_from_n_samples": 320000,
      "reduction_round": 5,
      "r2_spread_for_scenario": 0.03158500769986361,
      "r2_spread_tolerance": 0.03,
      "r2_spread_within_tolerance": false
    },
    {
      "model": "lightgbm_hist",
      "threads": 1,
      "n_samples": 61917,
      "n_features": 120,
      "fit_seconds": 5.403027933996782,
      "predict_seconds": 0.14013226800307166,
      "total_seconds": 5.54884396000125,
      "peak_rss_mb": 324.0390625,
      "rmse": 304.62139548877315,
      "r2": 0.6712728542089982,
      "hyperparameters": {
        "loss": "squared_error",
        "n_estimators": 220,
        "learning_rate": 0.05,
        "max_depth": 6,
        "num_leaves": 31,
        "max_bin": 255,
        "subsample": 0.8,
        "l2_regularization": 1.0,
        "min_samples_leaf": 20,
        "random_state": 42
      },
      "dataset_name": "large",
      "timeout_s": 10.0,
      "reduced_from_n_samples": 320000,
      "reduction_round": 5,
      "r2_spread_for_scenario": 0.03158500769986361,
      "r2_spread_tolerance": 0.03,
      "r2_spread_within_tolerance": false
    },
    {
      "model": "xgboost_hist",
      "threads": 1,
      "n_samples": 61917,
      "n_features": 120,
      "fit_seconds": 8.817282812997291,
      "predict_seconds": 0.027387062000343576,
      "total_seconds": 8.851201634999597,
      "peak_rss_mb": 357.49609375,
      "rmse": 295.5685331906967,
      "r2": 0.6905210018157959,
      "hyperparameters": {
        "loss": "squared_error",
        "n_estimators": 220,
        "learning_rate": 0.05,
        "max_depth": 6,
        "num_leaves": 31,
        "max_bin": 255,
        "subsample": 0.8,
        "l2_regularization": 1.0,
        "min_samples_leaf": 20,
        "random_state": 42
      },
      "dataset_name": "large",
      "timeout_s": 10.0,
      "reduced_from_n_samples": 320000,
      "reduction_round": 5,
      "r2_spread_for_scenario": 0.03158500769986361,
      "r2_spread_tolerance": 0.03,
      "r2_spread_within_tolerance": false
    },
    {
      "model": "sklearn_hgb",
      "threads": 1,
      "n_samples": 100800,
      "n_features": 80,
      "fit_seconds": 1.7156432459996722,
      "predict_seconds": 0.057310617001348874,
      "total_seconds": 1.7823580220028816,
      "peak_rss_mb": 323.23046875,
      "rmse": 246.48549857958523,
      "r2": 0.758210589865154,
      "hyperparameters": {
        "loss": "squared_error",
        "n_estimators": 220,
        "learning_rate": 0.05,
        "max_depth": 6,
        "num_leaves": 31,
        "max_bin": 255,
        "subsample": 0.8,
        "l2_regularization": 1.0,
        "min_samples_leaf": 20,
        "random_state": 42
      },
      "dataset_name": "medium",
      "timeout_s": 10.0,
      "reduced_from_n_samples": 140000,
      "reduction_round": 1,
      "r2_spread_for_scenario": 0.024255583306843076,
      "r2_spread_tolerance": 0.03,
      "r2_spread_within_tolerance": true
    },
    {
      "model": "lightgbm_hist",
      "threads": 1,
      "n_samples": 100800,
      "n_features": 80,
      "fit_seconds": 5.307918413000152,
      "predict_seconds": 0.2256811250008468,
      "total_seconds": 5.533929592998902,
      "peak_rss_mb": 346.42578125,
      "rmse": 241.83395990462063,
      "r2": 0.76725031436951,
      "hyperparameters": {
        "loss": "squared_error",
        "n_estimators": 220,
        "learning_rate": 0.05,
        "max_depth": 6,
        "num_leaves": 31,
        "max_bin": 255,
        "subsample": 0.8,
        "l2_regularization": 1.0,
        "min_samples_leaf": 20,
        "random_state": 42
      },
      "dataset_name": "medium",
      "timeout_s": 10.0,
      "reduced_from_n_samples": 140000,
      "reduction_round": 1,
      "r2_spread_for_scenario": 0.024255583306843076,
      "r2_spread_tolerance": 0.03,
      "r2_spread_within_tolerance": true
    },
    {
      "model": "xgboost_hist",
      "threads": 1,
      "n_samples": 100800,
      "n_features": 80,
      "fit_seconds": 7.447738343998935,
      "predict_seconds": 0.04635570800019195,
      "total_seconds": 7.4981641650010715,
      "peak_rss_mb": 332.0703125,
      "rmse": 233.79549189676433,
      "r2": 0.7824661731719971,
      "hyperparameters": {
        "loss": "squared_error",
        "n_estimators": 220,
        "learning_rate": 0.05,
        "max_depth": 6,
        "num_leaves": 31,
        "max_bin": 255,
        "subsample": 0.8,
        "l2_regularization": 1.0,
        "min_samples_leaf": 20,
        "random_state": 42
      },
      "dataset_name": "medium",
      "timeout_s": 10.0,
      "reduced_from_n_samples": 140000,
      "reduction_round": 1,
      "r2_spread_for_scenario": 0.024255583306843076,
      "r2_spread_tolerance": 0.03,
      "r2_spread_within_tolerance": true
    },
    {
      "model": "sklearn_hgb",
      "threads": 1,
      "n_samples": 50000,
      "n_features": 40,
      "fit_seconds": 0.7304598929986241,
      "predict_seconds": 0.026350879001256544,
      "total_seconds": 0.7614864019997185,
      "peak_rss_mb": 221.17578125,
      "rmse": 105.66019486440773,
      "r2": 0.8876195242492381,
      "hyperparameters": {
        "loss": "squared_error",
        "n_estimators": 220,
        "learning_rate": 0.05,
        "max_depth": 6,
        "num_leaves": 31,
        "max_bin": 255,
        "subsample": 0.8,
        "l2_regularization": 1.0,
        "min_samples_leaf": 20,
        "random_state": 42
      },
      "dataset_name": "small",
      "timeout_s": 10.0,
      "reduced_from_n_samples": 50000,
      "reduction_round": 0,
      "r2_spread_for_scenario": 0.0067492434891042175,
      "r2_spread_tolerance": 0.03,
      "r2_spread_within_tolerance": true
    },
    {
      "model": "lightgbm_hist",
      "threads": 1,
      "n_samples": 50000,
      "n_features": 40,
      "fit_seconds": 1.5972064690031402,
      "predict_seconds": 0.11164555899813422,
      "total_seconds": 1.7171724059990083,
      "peak_rss_mb": 222.73828125,
      "rmse": 103.06212705417717,
      "r2": 0.893078201678116,
      "hyperparameters": {
        "loss": "squared_error",