{
  "n_candidates": 36,
  "n_results": 108,
  "top10": [
    {
      "dataset": {
        "name": "d12",
        "n_samples": 260000,
        "n_features": 12
      },
      "candidate_index": 16,
      "params": {
        "max_bin": 255,
        "subsample": 1.0,
        "random_state": 42,
        "loss": "squared_error",
        "min_split_gain": 0.1,
        "n_estimators": 12,
        "learning_rate": 0.08,
        "max_depth": 8,
        "num_leaves": 255,
        "l2_regularization": 10.0,
        "min_samples_leaf": 30,
        "min_child_weight": 30.0
      },
      "ratio": 1.7236998658773013,
      "fit4": {
        "sklearn_hgb": 0.40613456501159817,
        "xgboost_hist": 0.29080413599149324,
        "lightgbm_hist": 0.2356179129856173
      },
      "r2_spread_t1": 0.00016000257125070583,
      "r2_t1": {
        "sklearn_hgb": 0.7067453624189837,
        "xgboost_hist": 0.7069053649902344,
        "lightgbm_hist": 0.7068577708987326
      },
      "trees_t1": {
        "sklearn_hgb": 12,
        "xgboost_hist": 12,
        "lightgbm_hist": 12
      },
      "trees_t4": {
        "sklearn_hgb": 12,
        "xgboost_hist": 12,
        "lightgbm_hist": 12
      }
    },
    {
      "dataset": {
        "name": "d8",
        "n_samples": 220000,
        "n_features": 8
      },
      "candidate_index": 19,
      "params": {
        "max_bin": 255,
        "subsample": 1.0,
        "random_state": 42,
        "loss": "squared_error",
        "min_split_gain": 0.1,
        "n_estimators": 12,
        "learning_rate": 0.08,
        "max_depth": 12,
        "num_leaves": 255,
        "l2_regularization": 6.0,
        "min_samples_leaf": 30,
        "min_child_weight": 30.0
      },
      "ratio": 1.6225120510462385,
      "fit4": {
        "sklearn_hgb": 0.33728881599381566,
        "xgboost_hist": 0.25899158499669284,
        "lightgbm_hist": 0.20788062299834564
      },
      "r2_spread_t1": 0.0006168066930435367,
      "r2_t1": {
        "sklearn_hgb": 0.8021495018058675,
        "xgboost_hist": 0.8019890785217285,
        "lightgbm_hist": 0.802605885214772
      },
      "trees_t1": {
        "sklearn_hgb": 12,
        "xgboost_hist": 12,
        "lightgbm_hist": 12
      },
      "trees_t4": {
        "sklearn_hgb": 12,
        "xgboost_hist": 12,
        "lightgbm_hist": 12
      }
    },
    {
      "dataset": {
        "name": "d8",
        "n_samples": 220000,
        "n_features": 8
      },
      "candidate_index": 33,
      "params": {
        "max_bin": 255,
        "subsample": 1.0,
        "random_state": 42,
        "loss": "squared_error",
        "min_split_gain": 0.1,
        "n_estimators": 12,
        "learning_rate": 0.14,
        "max_depth": 12,
        "num_leaves": 255,
        "l2_regularization": 10.0,
        "min_samples_leaf": 20,
        "min_child_weight": 20.0
      },
      "ratio": 1.5095906276647397,
      "fit4": {
        "sklearn_hgb": 0.3837952280009631,
        "xgboost_hist": 0.32356491399696097,
        "lightgbm_hist": 0.25423795098322444
      },
      "r2_spread_t1": 0.0001776245196094539,
      "r2_t1": {
        "sklearn_hgb": 0.9345327045106976,
        "xgboost_hist": 0.9346230626106262,
        "lightgbm_hist": 0.9344454380910168
      },
      "trees_t1": {
        "sklearn_hgb": 12,
        "xgboost_hist": 12,
        "lightgbm_hist": 12
      },
      "trees_t4": {
        "sklearn_hgb": 12,
        "xgboost_hist": 12,
        "lightgbm_hist": 12
      }
    },
    {
      "dataset": {
        "name": "d12",
        "n_samples": 260000,
        "n_features": 12
      },
      "candidate_index": 6,
      "params": {
        "max_bin": 255,
        "subsample": 1.0,
        "random_state": 42,
        "loss": "squared_error",
        "min_split_gain": 0.1,
        "n_estimators": 12,
        "learning_rate": 0.05,
        "max_depth": 12,
        "num_leaves": 255,
        "l2_regularization": 2.0,
        "min_samples_leaf": 20,
        "min_child_weight": 20.0
      },
      "ratio": 1.5063206176003194,
      "fit4": {
        "sklearn_hgb": 0.47371215900056995,
        "xgboost_hist": 0.4648301999841351,
        "lightgbm_hist": 0.31448295500013046
      },
      "r2_spread_t1": 0.0002799865143119362,
      "r2_t1": {
        "sklearn_hgb": 0.5692776080505668,
        "xgboost_hist": 0.5689976215362549,
        "lightgbm_hist": 0.5690330052140494
      },
      "trees_t1": {
        "sklearn_hgb": 12,
        "xgboost_hist": 12,
        "lightgbm_hist": 12
      },
      "trees_t4": {
        "sklearn_hgb": 12,
        "xgboost_hist": 12,
        "lightgbm_hist": 12
      }
    },
    {
      "dataset": {
        "name": "d8",
        "n_samples": 220000,
        "n_features": 8
      },
      "candidate_index": 36,
      "params": {
        "max_bin": 255,
        "subsample": 1.0,
        "random_state": 42,
        "loss": "squared_error",
        "min_split_gain": 0.1,
        "n_estimators": 16,
        "learning_rate": 0.05,
        "max_depth": 8,
        "num_leaves": 255,
        "l2_regularization": 2.0,
        "min_samples_leaf": 20,
        "min_child_weight": 20.0
      },
      "ratio": 1.486894928595225,
      "fit4": {
        "sklearn_hgb": 0.385928704024991,
        "xgboost_hist": 0.315040956978919,
        "lightgbm_hist": 0.259553446987411
      },
      "r2_spread_t1": 0.00011792774993890642,
      "r2_t1": {
        "sklearn_hgb": 0.7366032898028564,
        "xgboost_hist": 0.7364853620529175,
        "lightgbm_hist": 0.7365749783969429
      },
      "trees_t1": {
        "sklearn_hgb": 16,
        "xgboost_hist": 16,
        "lightgbm_hist": 16
      },
      "trees_t4": {
        "sklearn_hgb": 16,
        "xgboost_hist": 16,
        "lightgbm_hist": 16
      }
    },
    {
      "dataset": {
        "name": "d8",
        "n_samples": 220000,
        "n_features": 8
      },
      "candidate_index": 6,
      "params": {
        "max_bin": 255,
        "subsample": 1.0,
        "random_state": 42,
        "loss": "squared_error",
        "min_split_gain": 0.1,
        "n_estimators": 12,
        "learning_rate": 0.05,
        "max_depth": 12,
        "num_leaves": 255,
        "l2_regularization": 2.0,
        "min_samples_leaf": 20,
        "min_child_weight": 20.0
      },
      "ratio": 1.433658565280862,
      "fit4": {
        "sklearn_hgb": 0.2711806580191478,
        "xgboost_hist": 0.2557805590040516,
        "lightgbm_hist": 0.18915288799325936
      },
      "r2_spread_t1": 9.091631577318182e-05,
      "r2_t1": {
        "sklearn_hgb": 0.6429171521859496,
        "xgboost_hist": 0.6430008411407471,
        "lightgbm_hist": 0.6429099248249739
      },
      "trees_t1": {
        "sklearn_hgb": 12,
        "xgboost_hist": 12,
        "lightgbm_hist": 12
      },
      "trees_t4": {
        "sklearn_hgb": 12,
        "xgboost_hist": 12,
        "lightgbm_hist": 12
      }
    },
    {
      "dataset": {
        "name": "d8",
        "n_samples": 220000,
        "n_features": 8
      },
      "candidate_index": 30,
      "params": {
        "max_bin": 255,
        "subsample": 1.0,
        "random_state": 42,
        "loss": "squared_error",
        "min_split_gain": 0.1,
        "n_estimators": 12,
        "learning_rate": 0.14,
        "max_depth": 10,
        "num_leaves": 255,
        "l2_regularization": 2.0,
        "min_samples_leaf": 30,
        "min_child_weight": 30.0
      },
      "ratio": 1.4274727128412272,
      "fit4": {
        "sklearn_hgb": 0.3402373160060961,
        "xgboost_hist": 0.33087183299358003,
        "lightgbm_hist": 0.23834943599649705
      },
      "r2_spread_t1": 0.00025826069182366407,
      "r2_t1": {
        "sklearn_hgb": 0.937111801182566,
        "xgboost_hist": 0.9373700618743896,
        "lightgbm_hist": 0.937274940526542
      },
      "trees_t1": {
        "sklearn_hgb": 12,
        "xgboost_hist": 12,
        "lightgbm_hist": 12
      },
      "trees_t4": {
        "sklearn_hgb": 12,